link,name,price,condition,explanation,source
https://buyee.jp/mercari/item/m94727823937,Samsung Galaxy S22 SIM フリー,"32,000 yen",A little damaged/dirty,"Samsung Galaxy S22 SIM フリー Samsung Galaxy S22 すべての機能がテストされ、承認されました！ 側面に小さな傷がいくつかあります。 シリーズ...Galaxy 機種名...Galaxy S22 スマートフォン カラー...ファントムホワイト 容量...256GB 機能不良...なし 購入したキャリア...SIMフリー 購入したキャリア...docomo 付属品...充電ケーブル, 説明書, 箱 バッテリー最大容量...85~89% 画面割れ...なし",mercari
https://buyee.jp/mercari/item/m30547600855,Apple iPhone7スマートフォン MNCA2J/A 画面割れ初期化済,"8,000 yen",Damaged/dirty,Apple iPhone7スマートフォン MNCA2J/A 画面割れ初期化済 【モデル情報】 このスマートフォンは、モデル番号MNCA2J/Aで、シリアル番号はF17588VBV5Hです。特定の機能や性能を確認するための重要な情報です。 【状態】 画面にひび割れがあり、視認性に影響を与えています。使用には注意が必要です。 【バッテリー性能】 最大容量は19.0GBで、最適化されたバッテリー充電機能があります。バッテリーの健康状態を維持するための機能が搭載されています。 - モデル番号: MNCA2J/A - シリアル番号: F17588VBV5H - 状態: 画面割れ - 最大容量: 19.0GB - バッテリー状態: 88% 最適化されたバッテリー充電 ご覧いただきありがとうございます。 シリーズ···iPhone 機種名···iPhone 7 容量···32GB スマートフォン カラー···シルバー 機種名···iPhone 15 Pro Max 機種名···iPhone 7 機能不良···あり,mercari
https://buyee.jp/mercari/item/m25294139756,【docomo版】 Galaxy S6 SC-05G 本体 動作確認済み,"3,980 yen",No obvious damages/dirt,【docomo版】 Galaxy S6 SC-05G 本体 動作確認済み 当店の厳しい15点の動作チェッククリア！ 限定1台！早い者勝ち！ ご褒美や2台目にも最適！ 即購入OK！お早めに！ このたびは、商品を閲覧いただき誠にありがとうございます！ 商品は一点限りで早い者勝ちです！迷っている間に売り切れてしまいますのでお早めにご購入ください！ ご自身用のご褒美、お子様用、2台持ち用などにも如何でしょうか！ ♢安心のご利用♢ 当店独自の合計15点に及ぶ検査項目における厳しい動作チェックで確認済みです！ また、各種ロックはオフ、ネットワーク利用制限はかかっていないので、今後利用できなくなる事はございません。安心してご利用いただけます(^^) ♢通信について♢ SIMカードを使用せずにWi-Fi環境でも利用可能です！こちらの機種はdocomo版です。docomoショップにて無料でSIMロック解除が可能です。 ♢商品詳細♢ - ネットワーク利用制限：なし - キャリア：docomo版 - IMEI：写真に記載 - バッテリーの状態：設定から確認できる機種は写真に記載 - SIMサイズ：nano ♢価格について♢ こちらの商品はギリギリの価格で出しているのでお値下げできません。商品は一点限りなので、迷っている間に売れてしまいます！ 写真撮影の際反射で光源が写り込んでいる部分があります。もし追加の写真が欲しい場合はコメント頂ければ追加いたします！ ご質問、ご不明点等ございましたら、コメントにてお申し付けください。24時間以内に返信させていただきます！ 商品番号:S0351 シリーズ···Galaxy 機種名···Galaxy S6 スマートフォン カラー···ホワイト 容量···32GB 機能不良···なし,mercari
https://buyee.jp/mercari/item/m41775764197,Apple iPhone 本体,"35,000 yen",No obvious damages/dirt,Apple iPhone 本体 初期設定画面のApple iPhone - ブランド: Apple - モデル: iPhone (モデル名不明) - 色: ブラック - 言語設定: 日本語、英語、他多数 - 状態: 初期設定画面 ご覧いただきありがとうございます。 最大充電80%程度 シリーズ···iPhone 機種名···iPhone 13 容量···256GB 機能不良···なし スマートフォン カラー···スターライト,mercari
https://buyee.jp/mercari/item/m81156574314,【美品】iPhone 14 Pro Max 256gbディープパープル 本体,"98,000 yen",No obvious damages/dirt,【美品】iPhone 14 Pro Max 256gbディープパープル 本体 ディープパープルのiPhone 14 ProM a x 未使用に近い状態で、箱と説明書無し - モデル: iPhone 14 Promax - 色: ディープパープル - 付属品: 箱、説明書無し - 状態: 未使用に近い - ご覧いただきありがとうございます。 シリーズ···iPhone 機種名···iPhone 14 Pro Max スマートフォン カラー···ディープパープル 容量···256GB 機能不良···なし,mercari
https://buyee.jp/mercari/item/m79886704062,未使用開封済 arrows We FCG01 5.7インチ64GB 5G 新古品,"7,580 yen",New/Unused,未使用開封済 arrows We FCG01 5.7インチ64GB 5G 新古品 ★最安値 ★未使用開封済み！ arrows We FCG01 ホワイト 大画面5.7インチ 64GB 5G新古品 ★人気のホワイトモデル新古品 安心の富士通Androidスマートフォン！ ★早い物勝ち在庫限りです！ ★台数まとめ買いもご連絡下さい。 ★SIMフリー★nanoSIM、キャリア未登録 開封済み画面フィルム剥がしWiFi接続、アプリダウンロードなど動作確認テストを行っただけの未使用の新古品です。 ★未使用新古品のほぼ新品です 人気のホワイトですお買い得です！ ★箱なし本体のみになります！開封済みなので、カメラの保護シールがとれている場合や目立たない極くわずかな傷がある場合がございます。 ご年配の方やお子様にも最適な一台です。SIMフリーモデル、大画面5.7インチ 64GB 5G、デュアルカメラ、防水、指紋認証など様々な機能が搭載されています。 ★最新のアンドロイド14OSにアップデートできます。 ※キャリア未登録品 発売日: 2021/12/03〜 富士通｜メーカー型番：FCG01｜CPUコア数：8 コア｜OS種類：Android｜ストレージ容量合計：64 GB｜メモリ容量（RAM）：4 GB｜機種・対応機種arrows We｜シリーズ名：arrows｜指紋認証：有｜有効画素数（サブ）：500 万画素｜有効画素数（メイン）1310 万画素｜Bluetooth対応：有★nanoSIM ★SIMはAU ドコモ SOFTBANK 格安SIM 海外でも使用可。ただしすべてのシムが使用できることを保証するものではありません。携帯電話会社によりiPhone/Android向けSIM等で種類が分かれている場合がございます。SIMカードの利用可否等詳細につきましてはお手数ではございますがご契約の電話会社までお問い合わせ下さい。 [保障] アフターサポートを行っておりません。初期不良や故障の際はお客様ご自身でメーカーでのご対応をお願いしますその他配送事故以外での初期不良、故障、電波状況等機器に関わる問題お客様都合での返品交換は一切お受けしてません。 ★未使用開封済み SIMフリー開封済み画面フィルム剥がしWiFi接続、アプリダウンロードなど動作確認テストを行っただけの未使用の新古品です。 ★人気のホワイト在庫限りです！ 2台3台目に最適です。,mercari
https://buyee.jp/mercari/item/m36706333286,【SIMロック解除済】Apple iPhone 6s 16GB,"6,000 yen",No obvious damages/dirt,【SIMロック解除済】Apple iPhone 6s 16GB 画面ヤケ 裏面キズ 画面側はフィルム貼ってあったので剥がしても綺麗でした。 16GBストレージのiPhone 6s、iOS 12.2搭載。 - モデル: iPhone 6s - ストレージ容量: 16GB - ソフトウェアバージョン: 12.2 - シリアル番号: F71Q98QCRY8 バッテリー最大容量85% ご覧いただきありがとうございます。 シリーズ···iPhone 機種名···iPhone 6s スマートフォン カラー···ローズゴールド 容量···16GB 機能不良···なし,mercari
https://buyee.jp/mercari/item/m79357173477,LG it LGV36 3G32G android 9 Simフリー2台,"6,200 yen",Damaged/dirty,LG it LGV36 3G32G android 9 Simフリー2台 LG it LGV36 au Simフリー Snapdragon425 RAM 3GB ストレージ 32GB android 9 5インチ 140g IMEI 359693092165827 IMEI 359693090396200 ２台とも液晶が割れています。 外装に傷や使用感があります。 この出品は値下げ不可とさせていただきます。 値下げコメントをいただいても応じかねますのでよろしくお願いいたします。 Simの動作確認しました。 Wifi bluetooth カメラ スピーカー マイク イヤホン SDカードスロットの動作を確認しました。 なお、この機種はバッテリー交換が可能です。 ネコポスにて送ります。,mercari
https://buyee.jp/mercari/item/m14670528050,Apple iPhone 15 ピンク 128GB 本体,"87,500 yen",No obvious damages/dirt,Apple iPhone 15 ピンク 128GB 本体 ピンクのiPhone 15、128GBストレージ、充電ケーブル付属。 残債なし、SIMフリー 2024/4にApple Store福岡にて新品購入し、 約1年半使用しました。 SIMフリーです、イオンモバイルを使用していました。 購入後すぐにフィルムを貼りました、そのままお送りします。 使用に伴う小傷があります。 写真追加しますので気になる部分あればコメントお願いします。 バッテリーは89%です。 修理歴はありません。 - モデル: iPhone 15 - 色: ピンク - 付属品: 充電ケーブル - ストレージ容量: 128GB ご覧いただきありがとうございます。 シリーズ···iPhone 機種名···iPhone 15 スマートフォン カラー···ピンク 容量···128GB 機能不良···なし 87 84,mercari
https://buyee.jp/mercari/item/m85205221126,iPhone13pro 512gb SIMフリー本体,"50,000 yen",No obvious damages/dirt,iPhone13pro 512gb SIMフリー本体 シリーズ···iPhone 機種名···iPhone 13 Pro スマートフォン カラー···グラファイト 容量···512GB,mercari
https://buyee.jp/mercari/item/m20226577100,UMIDIGI G9C 本体 S76,"8,200 yen",No obvious damages/dirt,UMIDIGI G9C 本体 S76 この商品は送料無料です - ブランド: UMIDIGI - モデル: UMIDIGI G9C - Androidバージョン: 14 - メモリ: 6 GB - ストレージ: 128GB - プロセッサ : G36 ご覧いただきありがとうございます。 シリーズ···その他 機能不良···なし 購入したキャリア···SIMフリー IMEI (製造番号)···353697890124114 ネットワーク利用制限○ SIM ロック解除済み 画面割れ···なし 画面にはほとんどキズがありません。ご了承ください。 動作確認済み、システムは問題なく作動しています。 画面や本体は比較的綺麗な状態ですが、中古品のため「やや傷や汚れあり」としております。 かなり古いモデルであり、全体的に使用感がありますので、ご理解の上ご購入ください。 （商品はプチプチで丁寧に梱包して発送いたします。） 商品状態の詳細は掲載写真にすべて写していますので、必ずご確認の上ご購入ください。 --- ●ご注意事項 @完全な美品をお求めの方は購入をご遠慮ください。 ・ご不明点やご要望がある場合は、購入前にコメントをお願いいたします。 ・商品説明およびプロフィールをご確認・ご納得いただいた上でご購入ください。 ・商品に不備があった場合は、評価前に必ずご連絡ください。最後まで誠意をもって対応いたします。 （※初期不良についてはメーカー対応、発送後の紛失・破損などは配送業者へのご連絡をお願いする場合がございます。）,mercari
https://buyee.jp/mercari/item/m21423444061,AQUOS SENSE 4plus,"9,800 yen",A little damaged/dirty,AQUOS SENSE 4plus - ブランド: AQUOS - カラー:ホワイト 背面にスレ傷が多くあります。 ご覧いただきありがとうございます。 機能不良...なし シリーズ...AQUOS 機種名...AQUOS sense4 plus スマートフォン カラー...ホワイト 容量...128GB 新品 可愛い手帳型カバーをお付けします。,mercari
https://buyee.jp/mercari/item/m70598403422,【美品】iPhone6 スペースグレイ 16GB 97%,"4,800 yen",No obvious damages/dirt,【美品】iPhone6 スペースグレイ 16GB 97% iOS12.5.7 ※SIMフリーではありません au Wi-Fi◎、Apple ID◎、エアドロ◎、外カメ◎、内カメ◎、タッチ感◎、スピーカー◎、マイク◎、イヤホン◎、Touch ID◎、電源ボタン◎、音量ボタン◎、サイレントスイッチ◎、ライト◎、充電◎ ※古い機種の為ジャンク扱い。 モバイル通信、アプリのインストール、 SIMの確認はしておりません。 ※利用制限なし。 アクティベーションロック解除済み。 初期化、アクティベート確認して発送。 ※本体のみ。付属品無し。 ゆうゆうメルカリ便↔︎らくらくメルカリ便変更可能。 18時位までは即日発送。（以降は日によります） ‼️‼️‼️値下げ不可‼️‼️‼️,mercari
https://buyee.jp/mercari/item/m68373135546,【iPhone11 pro】256GB スペースグレイ SIMフリー,"28,200 yen",No obvious damages/dirt,【iPhone11 pro】256GB スペースグレイ SIMフリー 掲載写真はガラスフィルムを貼った状態になりますが、本体に傷は入っておらず、綺麗な状態です。 （気になる方は、フィルムを剥がすことも可能です） 修理歴、バッテリー交換歴どちらもございません。 中身含め本体全て購入時のまま交換しておりません。 カメラ、フェイスID含め問題なく利用可能です。 ※機種変更による出品です。動作に不具合は全くありません。 シリーズ...iPhone 機種名...iPhone 11 Pro スマートフォン カラー...スペースグレイ 容量...256GB 購入したキャリア...SIMフリー 画面割れ...なし 機能不良...なし バッテリー...純正79% あくまでも素人管理であるということをご理解宜しくお願いいたします。 シリーズ···iPhone 機種名···iPhone 11 Pro スマートフォン カラー···スペースグレイ 容量···256GB 機能不良···なし 購入したキャリア···SIMフリー バッテリー最大容量···79%以下 IMEI (製造番号)···353830103729037 画面割れ···なし,mercari
https://buyee.jp/mercari/item/m37729639388,iPhone6s 最大容量77%,"4,800 yen",No obvious damages/dirt,iPhone6s 最大容量77% 機種名...iPhone 6s スマートフォン カラー...ゴールド 容量...16GB SIMロック解除済 カメラ動作確認済 細かい傷はありますが、 綺麗だと思います。 中古のため、ノークレームノーリターンでお願いします。,mercari
https://buyee.jp/mercari/item/m51564172041,Apple iPhone 13 Pro アルパイングリーン バッテリー100%,"65,000 yen",No obvious damages/dirt,Apple iPhone 13 Pro アルパイングリーン バッテリー100% ※最終値下げとさせて頂きます。値引き交渉不可。近日中に、ご購入ない場合、出品取り下げ致します。 ※取り寄せ前から、ケースとフィルムは用意し、届いてすぐに装着しています。 発送の際、安全面も考慮し、装着した状態で発送します。 気になる方は、ご自分で付け替えして下さい。 国内アップルオンライン購入 購入後、promaxに買い替えたあと 何に何回かサブのサブとして立ち上げて違う程度でした 未使用に近いとしていますが 細かいことが気になる方は トラブル防止の為 ご購入はお控え下さい バッテリー100% 修理交換経歴なし その他付属品一式セットになります 簡易包装発送 - モデル: iPhone 13 Pro - 色: アルパイングリーン - 付属品: 充電ケーブル - デザイン: トリプルカメラ - 状態: 未使用に近い ご覧いただきありがとうございます。 シリーズ···iPhone 機種名···iPhone 13 Pro スマートフォン カラー···アルパイングリーン 容量···128GB 機能不良···なし 購入したキャリア···SIMフリー,mercari
https://buyee.jp/mercari/item/m98371244421,iPhone6s ローズゴールド　SIMフリー 32GB,"5,400 yen",No obvious damages/dirt,iPhone6s ローズゴールド　SIMフリー 32GB iPhone6sの準美品✨ 最大容量81% カメラ使えます‼️内カメ、外カメ問題無し。 SIMカードなし　AirDrop○   動作確認◯    Wi-Fi◯ ご検討下さい。　管理番号69 アクティベーションロック解除済みです。 初期化、アクティベート解除済み、残積等無しです。 ゆうゆうメルカリ便にも変更可能です。 発送後商品を速やかに使えるよう、初期設定等はこちらで行った後、発送します。 即購入も大歓迎です‼︎ ※値下げ等は不可です。まとめ買いは2点目から値下げ致します。 シリーズ···iPhone 機種名···iPhone 6s スマートフォン カラー···ローズゴールド 容量···32GB 機能不良···なし,mercari
https://buyee.jp/mercari/item/m63761157886,【背面割れ】 Galaxy Feel2 SC-02L 本体 動作確認済み,"4,980 yen",In bad condition overall,【背面割れ】 Galaxy Feel2 SC-02L 本体 動作確認済み 当店の厳しい15点の動作チェッククリア！ 限定1台！早い者勝ち！ ご褒美や2台目にも最適！ 即購入OK！お早めに！ このたびは、商品を閲覧いただき誠にありがとうございます！ 商品は一点限りで早い者勝ちです！迷っている間に売り切れてしまいますのでお早めにご購入ください！ ご自身用のご褒美、お子様用、2台持ち用などにも如何でしょうか！ こちらの商品は背面が割れています。写真にてご確認ください。 ♢安心のご利用♢ 当店独自の合計15点に及ぶ検査項目における厳しい動作チェックで確認済みです！ また、各種ロックはオフ、ネットワーク利用制限はかかっていないので、今後利用できなくなる事はございません。安心してご利用いただけます(^^) ♢通信について♢ SIMカードを使用せずにWi-Fi環境でも利用可能です！また、こちらのデバイスはSIMフリーの端末なのでさまざまなSIMが利用可能です。ご利用になられる会社の動作確認端末に当機種の記載があることを確認してご利用ください！ ♢商品詳細♢ - ネットワーク利用制限：なし - キャリア：SIMフリー(キャリア版は解除済) - IMEI：写真に記載 - バッテリーの状態：設定から確認できる機種は写真に記載 - SIMサイズ：nano ♢価格について♢ こちらの商品はギリギリの価格で出しているのでお値下げできません。商品は一点限りなので、迷っている間に売れてしまいます！ 写真撮影の際反射で光源が写り込んでいる部分があります。もし追加の写真が欲しい場合はコメント頂ければ追加いたします！ ご質問、ご不明点等ございましたら、コメントにてお申し付けください。24時間以内に返信させていただきます！ 商品番号:S0350 シリーズ···Galaxy 機種名···Galaxy Feel2 スマートフォン カラー···オーロラピンク 容量···32GB 機能不良···あり,mercari
https://buyee.jp/mercari/item/m56935580864,Apple iPhone XR ホワイト 本体,"19,000 yen",A little damaged/dirty,Apple iPhone XR ホワイト 本体 Apple iPhone XR、ホワイト、バッテリー最大容量78%。 - ブランド: Apple - モデル名: iPhone XR - バッテリー最大容量: 78% - カラー: ホワイト ご覧いただきありがとうございます。 シリーズ···iPhone 機種名···iPhone XR スマートフォン カラー···ホワイト 容量···64GB 機能不良···なし 7年間使ってましたが、使う分には支障なく、見た目は写真通りです。 小さな細かな擦り傷があるとはいえ、比較的状態は良いと思います。,mercari
https://buyee.jp/mercari/item/m23589639328,iPhone 12 Pro 256GB シルバー SIMフリー高品質バッテリー,"49,500 yen",No obvious damages/dirt,iPhone 12 Pro 256GB シルバー SIMフリー高品質バッテリー 256GBのシルバーiPhone 12 Pro、SIMフリー、特典付き、アンチグレア保護フィルム&コーティング済み。 - ストレージ: 256 GB - 色: シルバー - モデル: iPhone 12 Pro - SIM: SIMフリー - 特典: 特典付き - 状態: 新品バッテリー - コーティング: コーティング済み ご覧いただきありがとうございます。 シリーズ···iPhone 機種名···iPhone 12 pro スマートフォン カラー···シルバー 容量···256GB 機能不良···なし 【iOS】 26.0.1 【IMEI （製造番号）】 356686112011412 【ネットワーク利用制限の状況】○ 【シリアル番号】 G6TDN2W70D8N 【Face ID】○ 【水没】なし 【付属品】掲載画像にあるもののみ 【新品バッテリー交換済み】 【バッテリー容量】　100% 【防水テープ施工済み】 【ガラスフィルム施工済み】 【ガラスコーティング済み】 【商品状態】 高品質バッテリーに交換済みです 全体的に多少の傷擦れ等あります。 ※商品状態を画像でご確認いただけるよう心掛けておりますが 中古品のため見解の相違がありますことをご了承ください。 ※ご購入後、再度動作確認を行い、出荷状態で発送させていただきます。 ※ iPhoneのシステム上、XR以降はバッテリー交換後、%表示が「ー」になり、エラーと表示されます。高品質・新品バッテリーで交換しておりますのでご安心下さいませ。 「コメント・交渉・やり取り中であっても、購入者の方優先とさせて頂きますのでご了承くださいませ」 「初期不良につきましては、受取評価前にご連絡ください」 「すり替え防止のため、受取評価後は対応致しかねます」 他ご不明点等ございましたら、お気軽にお問い合わせ下さい。,mercari
https://buyee.jp/mercari/item/m34956154400,モトローラ moto g64 5G 8GB/128GB,"23,999 yen",New/Unused,"モトローラ moto g64 5G 8GB/128GB L1319 新品未開封 Motorola(モトローラ)motorolag64｜8GB/128GB｜シルバーブルー｜SIMフリースマホ本体端末｜NFC/FeliCa対応｜正規代理店品｜6.5インチ｜FHD+｜IP52防水防塵｜大容量バッテリー5,000mAh｜PB2G0001JP",mercari
https://buyee.jp/mercari/item/m79113080231,【新品】motorola razr 50s サンドクリーム SIMフリー　本体,"52,500 yen",New/Unused,【新品】motorola razr 50s サンドクリーム SIMフリー　本体 シリーズ···MOTOROLA 機種名···motorola razr 50s スマートフォン カラー···サンドクリーム 容量···256GB 機能不良···なし 一括購入のため、ネットワーク利用制限は⭕️ やっぱりiPhoneを使いたくなり、不要になったためお譲り致します。 らくらくメルカリ便のコンパクトにて発送致します‼︎ 宜しくお願い致します。,mercari
https://buyee.jp/mercari/item/m53046998539,iPhone12 128GB ホワイト,"27,500 yen",No obvious damages/dirt,iPhone12 128GB ホワイト 約1年半使用したiPhone12ホワイトです 初期化前に動作確認済です 電池の最大容量は79%です カバーをつけて使っていたため目立った大きな傷はありませんが、日常使いをしていた程度の細かい傷はご承知の上購入をお願いします 傷や汚れは写真を載せている現物の通りになります 箱と充電ケーブルもセットで 画面フィルタと透明のカバーはつけたまま発送予定です すり替え防止のため、返品は受け付けていません シリーズ···iPhone 機種名···iPhone 12 スマートフォン カラー···ホワイト 容量···128GB,mercari
https://buyee.jp/mercari/item/m10684072467,iPhone6 シルバー 16GB 97%,"4,700 yen",A little damaged/dirty,iPhone6 シルバー 16GB 97% iOS12.5.7 ※SIMフリーではありません docomo Wi-Fi◎、Apple ID◎、エアドロ◎、外カメ◎、内カメ◎、タッチ感◎、スピーカー◎、マイク◎、イヤホン◎、Touch ID◎、電源ボタン◎、音量ボタン◎、サイレントスイッチ◎、ライト◎、充電◎ ※古い機種の為ジャンク扱い。 モバイル通信、アプリのインストール、 SIMの確認はしておりません。 ※利用制限なし。 アクティベーションロック解除済み。 初期化、アクティベート確認して発送。 ※本体のみ。付属品無し。 ゆうゆうメルカリ便↔︎らくらくメルカリ便変更可能。 18時位までは即日発送。（以降は日によります） ‼️‼️‼️値下げ不可‼️‼️‼️,mercari
https://buyee.jp/mercari/item/m64197953542,"Realme Note 70T (Gold, 128GB) スマートフォン本体","11,900 yen",New/Unused,"Realme Note 70T (Gold, 128GB) スマートフォン本体 Realme Note 70T Gold 4GB+128GB （送料込み） 状態: 新品・未開封 購入後、使用しないことになったため出品します。 Amazonでは同じ商品が17000円で販売されています。お得にどうぞ。 パッケージ内容 • Realme Note 70T（Beach Gold, 4GB+128GB）スマートフォン • USB Cケーブル 値下げのご相談は、コメント欄からのみ受け付けております。ご了承ください。 d0brad0",mercari
https://buyee.jp/mercari/item/m92330829941,iPhone 12 mini 64GB ブラック SIMフリーおまけ付き,"24,500 yen",No obvious damages/dirt,iPhone 12 mini 64GB ブラック SIMフリーおまけ付き iPhone 12 mini、64GB、ブラック、SIMフリー、高品質新品バッテリー ご覧いただきありがとうございます。 【機種】iPhone 12mini 【キャリア】SIMフリー 【容量】64GB 【iOS】26.0 【IMEI （製造番号）】 353011112041504 【ネットワーク利用制限の状況】○ 【シリアル番号】 F71DP50W0GQ7 【Face ID】○ 【水没】なし 【付属品】掲載画像にあるもののみ 【新品液晶パネル交換済み】 【新品バッテリー交換済み　容量表示（100%）】 【防水テープ施工済み】 【ガラスフィルム施工済み】 【ガラスコーティング済み】 【商品状態】 高品質バッテリーに交換済みです フレームに傷あり、背面に薄くケース跡が残っております。 ※商品状態を画像でご確認いただけるよう心掛けておりますが 中古品のため見解の相違がありますことをご了承ください。 ※ご購入後、再度動作確認を行い、出荷状態で発送させていただきます。 ※ iPhoneのシステム上、XR以降はバッテリー交換後、%表示が「ー」になり、エラーと表示されます。高品質・新品バッテリーで交換しておりますのでご安心下さいませ。 「コメント・交渉・やり取り中であっても、購入者の方優先とさせて頂きますのでご了承くださいませ」 「初期不良につきましては、受取評価前にご連絡ください」 「すり替え防止のため、受取評価後は対応致しかねます」 他ご不明点等ございましたら、お気軽にお問い合わせ下さい。 シリーズ···iPhone 機種名···iPhone 12 mini スマートフォン カラー···ブラック 容量···64GB 機能不良···なし,mercari
https://buyee.jp/mercari/item/m34349161192,Apple iPhone 16 Pro 256GBブラックチタニウム 本体 箱,"155,000 yen",A little damaged/dirty,Apple iPhone 16 Pro 256GBブラックチタニウム 本体 箱 SIMフリー端末です。 2025年7月に購入しました。 画面に若干の傷はありますが、状態はとても綺麗です。 画面スクラッチは深くなく、使用するときは目立たなくなります。 少し分かりずらいですが、写真3枚目にてご確認下さい。 フィルムは剥がしてある状態です。 フィルムを貼ると擦り傷目立たなくなります。 NIMASO 縦横両対応 360°回転スタンドケース をお付けします。不要でしたらお申し付けください。 またすり替え防止のため返品不可となります。 ご了承ください。 購入したキャリア···SIMフリー 付属品···箱 バッテリー最大容量···100% 画面割れ···なし 機能不良···なし シリーズ···iPhone 機種名···iPhone 16 Pro スマートフォン カラー···ブラックチタニウム 容量···256GB 機能不良···なし,mercari
https://buyee.jp/mercari/item/m70823537322,新品未開封 Galaxy S25 256GB SIMフリー ネイビー 国内版,"109,000 yen",New/Unused,新品未開封 Galaxy S25 256GB SIMフリー ネイビー 国内版 Galaxy S25 256GB SIMフリー 国内版でカラーはネイビーです。 新品未開封、一括購入、支払い済みのため残債なしです - モデル名: Galaxy S25 - ストレージ容量: 256GB - カラー: Navy - 型番: SM-S931Q すり替え防止のため購入後の返品、キャンセルはお受け出来ませんのでご了承ください。 シリーズ...Galaxy 機種名...Galaxy S25 スマートフォン カラー...ネイビー 容量...256GB 購入したキャリア...SIMフリー 機能不良...なし 画面割れ...なし,mercari
https://buyee.jp/mercari/item/m72171842577,Apple iPhone 13 Pro Max グラファイト,"62,000 yen",No obvious damages/dirt,Apple iPhone 13 Pro Max グラファイト ご覧いただきありがとうございます。 目立った傷がない美品となります。 値引きに関しては検討させていただきますのでコメントお願い致します。 グラファイトカラーのiPhone 13 Pro Max、洗練されたデザインと高性能カメラを搭載。 - モデル: iPhone 13 Pro - 色: グラファイト - 状態: 側面にボタンとスピーカーがある ご覧いただきありがとうございます。 シリーズ···iPhone 機種名···iPhone 13 Pro Max スマートフォン カラー···グラファイト 容量···128GB 機能不良···なし バッテリー:82% 付属品は未使用でそろっております。,mercari
https://buyee.jp/mercari/item/m64256039705,iPhone 15 Pro Max｜256gb｜SIMフリー版,"95,000 yen",Damaged/dirty,iPhone 15 Pro Max｜256gb｜SIMフリー版 iPhone 15 Pro Max 256GB ブラックチタニウム（SIMフリーモデル） ■【状態】 ・バッテリー最大容量：85% ・落下により背面にヒビが入っておりますが、動作に問題はありません ・動作確認済み、初期化・iCloudサインアウト済み ■【付属品】 ・外箱・USB-Cケーブル・SIMピン・説明書すべてあり ■【その他】 ・即購入OKです！ ・中古品のため、神経質な方はご遠慮ください。 ・すり替え防止のため、返品不可とさせていただきます。,mercari
https://buyee.jp/mercari/item/m72618575095,SONY Xperia 10 Ⅲブラック SIMフリー SO-52B,"17,700 yen",No obvious damages/dirt,SONY Xperia 10 Ⅲブラック SIMフリー SO-52B 【機種】Xperia 10 Ⅲ 【キャリア】SIMフリー 【本体カラー】 ブラック 【容量】128GB 【OS】バージョン 13 [SIM】 nano 【IMEI(製造番号)】 351977391544693 【ネットワーク利用制限の状況】○ 【モデル名】SO-52B 【Touch ID】 ○ 【水没】なし 【付属品】掲載画像のみ 【バッテリー容量】良好（80%以上） 【ガラスコーティング済み】 【ガラスフィルム施工済み】 【電源ボタン交換済み】 【商品状態】 目立った傷等なく、とても綺麗です。 ※商品状態を画像でご確認いただけるよう心掛けておりますが 古品のため見解の相違がありますことをご了承くださ ※ご購入後、再度動作確認を行い、出荷状態で発送させていただきます。# 「コメント・交渉・やり取り中であっても、購入者の方優先とさせて頂きますのでご了承く ださいませ」 「初期不良につきましては、受取評価前にご連絡ください」や 「すり替え防止のため、受取評価後は対応致しかねます」 他ご不明点等ございましたら、お気軽にお問い合わせ下さい。 機能不良···あり 機能不良···なし,mercari
https://buyee.jp/mercari/item/m57889909194,iPhone16promax 256GB ホワイトチタニウム　バッテリー100%,"168,700 yen",No obvious damages/dirt,iPhone16promax 256GB ホワイトチタニウム　バッテリー100% 閲覧していただき、ありがとうございます。 - モデル: iPhone16promax 256GB -バッテリー最大容量:100% - 色:ホワイトチタニウム - 付属品: 箱、純正充電ケーブル SIMフリー 機能不良···なし 1年程度使用しましたが、保護ケース及びガラスフィルムを貼っていたため目立つような傷はありません。 ご検討よろしくお願いします。,mercari
https://buyee.jp/mercari/item/m83083565170,IQOO NEO 10 PRO+ SIMフリー中国版,"56,000 yen",No obvious damages/dirt,IQOO NEO 10 PRO+ SIMフリー中国版 商品説明（iQOO Neo 10 Pro+ 5G） 使用期間は約2ヶ月です。 バッテリー最大容量は 100% のままで、状態はとても良好です。 本体フレーム部分に 小さな傷があります（写真参照）。 動作には全く問題ありません。 画面には保護フィルムを貼って使用していました。 中国版ですが、Google Play ストア対応で、通常使用に問題ありません。 初期化して発送いたします。 【スペック】 ・モデル：iQOO Neo 10 Pro+ 5G（中国版） ・CPU：Snapdragon 8 Elite Mobile Platform ・RAM/ROM：12GB + 256GB / 16GB + 512GB / 16GB + 1TB （※購入された容量を記載してください） ・ディスプレイ 6.82インチ AMOLED 解像度：3168×1440（2K） リフレッシュレート：144Hz ・バッテリー 6800mAh（typ） 120W SuperVOOC（急速充電） ・カメラ リアカメラ：50MP + 8MP + 8MP フロントカメラ：16MP ・OS OriginOS 5（Android 15 ベース） ・対応 Google Play ストア / OTAアップデート / マルチランゲージ 非対応：eSIM / Android Auto / Google アシスタント 機能不良···なし シリーズ···OPPO シリーズ···その他,mercari
https://buyee.jp/mercari/item/m16224373976,iPhone XR 128GB SIMフリー ブラック 新品バッテリー　箱付き,"24,800 yen",A little damaged/dirty,iPhone XR 128GB SIMフリー ブラック 新品バッテリー　箱付き 128GBのSIMフリーiPhone XR、ガラスコーティング済みで特典付き。 ご覧いただきありがとうございます。 【機種】iPhone XR 【キャリア】SIMフリー 【容量】128 GB 【カラー】ブラック 【iOS】18.7 【IMEI （製造番号）】 357373090921073 【ネットワーク利用制限の状況】○ 【シリアル番号】 G0NY12PXKXLF 【Face ID】✖️ 【水没】なし 【付属品】箱（掲載画像にあるもののみ） ※共箱ではありません 【新品バッテリー交換済み　容量表示（100%）】 【防水テープ施工済み】 【ガラスコーティング済み】 【商品状態】 バッテリー交換済みです。 充電口付近等、全体的にに傷擦れ等ございます。 ※顔認証は使用できません。 ⚫︎商品状態を画像でご確認いただけるよう心掛けておりますが 中古品のため見解の相違がありますことをご了承ください。 ⚫︎ご購入後、再度動作確認を行い、出荷状態で発送させていただきます。 ⚫︎コメント・交渉・やり取り中であっても、購入者の方優先とさせて頂きますのでご了承ください ⚫︎初期不良につきましては、受取評価前にご連絡ください ⚫︎すり替え防止のため、受取評価後は対応致しかねます 他ご不明点等ございましたら、お気軽にお問い合わせ下さい。 シリーズ···iPhone 機種名···iPhone XR スマートフォン カラー···ブラック 容量···128GB 機能不良···生体認証,mercari
https://buyee.jp/mercari/item/m26507250851,Samsung Galaxy A32 5G Awesome White 本体,"14,000 yen",Close to unused,Samsung Galaxy A32 5G Awesome White 本体 4つのカメラを搭載したGalaxy A32 5G、Awesome Whiteの美しいデザイン。 - モデル名: Galaxy A32 5G - 色: Awesome White - カメラ数: 4 - 付属品: 箱、説明書 ご覧いただきありがとうございます。 故障交換してすぐに　iPhoneに　機種変更したので　シム入れて作業で　開封しただけ 残債完済したので　出品いたしました。 機能不良...なし シリーズ...Galaxy 機種名...Galaxy A25 5G 機種名...Galaxy A32 5G スマートフォン カラー...オーサムホワイト 容量...64GB,mercari
https://buyee.jp/mercari/item/m40194736401,iPhone 11 128GB RED SIMフリー 新品バッテリー,"29,400 yen",A little damaged/dirty,iPhone 11 128GB RED SIMフリー 新品バッテリー 128GBの赤いiPhone 11、SIMフリー、大容量新品バッテリー交換済み ご覧いただきありがとうございます。 シリーズ···iPhone 機種名···iPhone 11 スマートフォン カラー···レッド 容量···128GB 【機種】iPhone11 【キャリア】SIMフリー 【容量】128GB 【iOS】　26.0.1 【IMEI （製造番号）】 353988104704365 【ネットワーク利用制限の状況】○ 【シリアル番号】 G0NZJ5X0N73G 【Face ID】○ 【水没】なし 【付属品】掲載画像にあるもののみ 【新品液晶パネル交換済み】 【新品バッテリー交換済み　容量表示（100%）】 【バッテリー容量】 【防水テープ施工済み】 【ソフトフィルム施工済み】 【ガラスコーティング済み】 【商品状態】 高品質大容量バッテリー交換済みです 新規液晶パネルに交換済みです フレームに打痕、傷等ございます。 ※商品状態を画像でご確認いただけるよう心掛けておりますが 中古品のため見解の相違がありますことをご了承ください。 ※ご購入後、再度動作確認を行い、出荷状態で発送させていただきます。 ※ iPhoneのシステム上、XR以降はバッテリー交換後、%表示が「ー」になり、エラーと表示されます。高品質・新品バッテリーで交換しておりますのでご安心下さいませ。 「コメント・交渉・やり取り中であっても、購入者の方優先とさせて頂きますのでご了承くださいませ」 「初期不良につきましては、受取評価前にご連絡ください」 「すり替え防止のため、受取評価後は対応致しかねます」 他ご不明点等ございましたら、お気軽にお問い合わせ下さい。 機能不良···なし,mercari
https://buyee.jp/mercari/item/m58736713959,Apple iPhone SE (第3世代) 赤 256GB,"43,999 yen",No obvious damages/dirt,Apple iPhone SE (第3世代) 赤 256GB 【商品名】 iPhone SE（第3世代）256GB カラー：赤 SIMフリー 【状態】 ・動作確認済み ・初期化済み、アクティベーションロック解除済み ・バッテリー最大容量：84% ・使用に伴う細かな傷はありますが、動作には問題ありません（写真でご確認ください） キズなどの状態を全てお伝えできるよう努力しておりますが、お伝えきれない細かなところもありますのでご了承下さい ・中古品のため、神経質な方はご購入をお控えください 【付属品】 ・本体のみ ※外箱・ケーブルなどの付属品はありません 【発送方法】 ・破損防止のため、プチプチで丁寧に梱包し、緩衝材を詰めて発送します ・匿名配送（らくらく／ゆうゆうメルカリ便のどちらか）にて発送予定です 【注意事項】 ・中古品につき、購入後の返品・交換には対応しておりません ・バッテリー容量は消耗品のため保証できません ・購入前にプロフィール・写真・説明をご確認ください ・値下げ不可・価格交渉は対応しておりません シリーズ···iPhone 機種名···iPhone SE (第3世代) スマートフォン カラー···レッド 容量···256GB 機能不良···なし,mercari
https://buyee.jp/rakuma/item/bb124296f491b7faa051da16dcdafd6e?conversionType=service_page_search,5398 中古 iPhoneX 64GB MQAX2J/A スペースグレイ,"9,900 YEN",Damaged/dirty,Apple iPhone X 64GB 型番  MQAX2J/A SIMフリー アクティベーションロック解除済  初期化済 カラー  スペースグレイ IMEI 356741080040677 商品状態 初期化済み、動作確認済み バッテリー最大容量  70％  ※修理 表示 おおむね正常に動作しています。 FaceIDも問題なく使用可能です。 ※バッテリーがかなり劣化しています。 角や背面に複数キズや凹みがございます。 画面にもキズがございます。使用時に不具合があるほどではないです。 他、細かいキズやスレなどダメージがある状態です。 ※付属品  なし  本体のみ 5398(管理番号）,rakuma
https://buyee.jp/rakuma/item/525a044ececbfa84c9734dcdb36ae1f9?conversionType=service_page_search,SIMフリー スマートフォン 本体 4G対応 9GB RAM+128GB ROM,"14,980 YEN",New/Unused,‼️早い者勝ち‼️ ☘️1点のみ ☘️即購入OK ☘️新品未使用 ☘️送料無料 ☘️匿名配送 ☘️即日発送 ☘️お得なフォロー割あり #Manaのお得な情報 はこちら✨️✨️ -------☆商品説明☆------- 【Android 14 OS＆9GBRAM+128GB】 DOOGEE N55 スマホはAndroid 14 OSを使用して、基本的なアプリの操作を簡略化しました。これは軽量版Androidスマートフォンの最新バージョンです。9GB(4GB+5GB)RAM+128GB ROMが内蔵されて、最大1TBまでメモリを拡張できます。 【6.56インチ＆デュアル 4G SIM】 DOOGEE N55 simフリー スマホ 本体は6.5インチのウルトラHDスクリーンを採用し、20:9アスペクト比と1612*720 解像度を備えています。長時間の使用でも目の負担を軽減することができます。また、このスマホはnanoSIMカードを使用できて、デュアルSIMカード（SIMカード2枚またはSIMカード1枚+TFカード1枚）を搭載しました。 【13MPカメラ＆OTG＆アフターセールスアプリ】 DOOGEE N55 スマホには13MPリアカメラと8MPフロントカメラと2MP深度カメラが搭載されて、日常のビデオ通話や写真撮影やオンラインクラスなどに十分すぎるほどです。さらに、このスマートフォンはOTG機能をサポートします。 【5150mAh バッテリー＆超薄型＆顔認証】 DOOGEE N55 は薄くて5150mAhの大容量スマホで、Type-Cケーブルを搭載します。アウトドアスポーツや外出先でも1日中安心して使えます。N55は重さ186グラム、厚さ8.5ミリです。 【GPSなどの便利な機能とアフターセールスアプリ】 N55 スマートフォンにはGPSとGlonassとGalileoとBeiDouの主要ナビゲーションシステムをサポートし、24時間365日、世界中どこでも位置を特定できるカバレッジを提供します。FMラジオ機能も備わっており、いつでもどこでも好きなラジオ局や音楽チャンネルを聴くことができます。注意：ヘッドホンを接続した状態でFMを使用してください。 F5.83831-00992-50-0026 シリーズ···その他 機能不良···なし,rakuma
https://buyee.jp/rakuma/item/eea53f6340e7d508f558d090a8c68b24?conversionType=service_page_search,『美品』iPhone 13 ピンク128GB、SIMフリーモデル 81%,"40,999 YEN",No obvious damages/dirt,ご覧いただきありがとうございます。 iPhone 13 128GB ピンク（SIMフリー） の出品です。 ⭐︎商品情報 モデル：iPhone 13 カラー：ピンク 容量：128GB SIMロック：なし（SIMフリー） バッテリー最大容量：81％ ネットワーク利用制限：○（残債なし／利用制限なし） 修理歴・部品交換歴 共になし 水没等なし 画面シートには操作に支障がない気にならないくらいの傷があります！本体液晶画面には問題ございません。 画面シートとifaceカバーを着けて使用していたため、美品かと思います。目立つ傷などは見当たりませんでした。 ⭐︎動作確認 通話、カメラ、Face ID、スピーカー、ボタン、充電、Wi-Fi すべて問題なく動作確認済みです。 2025年10月現在まで使用していました！ ⭐︎付属品 元箱、ライトニングケーブル、SIMピン シリーズ...iPhone 機種名...iPhone 13 スマートフォン カラー...ピンク 容量...128GB 購入したキャリア...SIMフリー 付属品...箱、充電ケーブル・強化ガラスの画面シート（本体に貼り付けたまま） 画面割れ...なし 機能不良...なし 4年ほど使用しました。iphone16への機種変の為 出品致します。 状態良いですが、細やかなキズも少しあります。 中古品となりますので、御理解ある方のみ 御検討宜しくお願い致します。 ブランド：Apple  iPhone  iPhone 13 画面サイズ：6.1 インチ スマートフォン特徴：耐水、防水機能  ワイヤレス充電  GPS機能 センサー：加速度センサー  ジャイロセンサー  地磁気センサー(コンパス)  光センサー  近接センサー  気圧センサー 恐縮ですが、発送後のご返品はお受け出来ませんのでご理解いただける方のご購入をよろしくお願い致します。 機能不良...なし,rakuma
https://buyee.jp/rakuma/item/89bd4da134444703fe25033c368f62db?conversionType=service_page_search,SONY Xperia 8　902S 本体　64GB 　電池良好　使用頻度少,"5,999 YEN",No obvious damages/dirt,デュアルカメラ搭載のSONY Xperia8 〇 サブで使っていましたので使用頻度は少ないです。 〇 目立った傷はありません。カバーつけていたので角が少しすれています。 〇 写真に写っている本体のみです。 〇 IMEI  357401100704997 〇 初期化してのお届けとなります。 〇付属品はありません。本体のみです。 〇利用制限なし - ブランド: SONY - モデル名: Xperia - 状態: 初期設定画面 - カメラ: デュアルカメラ ご覧いただきありがとうございます。 シリーズ...Xperia 機種名...Xperia 8 スマートフォン カラー...ブラック 容量...64GB 購入したキャリア...Y!mobile バッテリー最大容量...80～84％ 画面割れ...なし 機能不良...なし,rakuma
https://buyee.jp/rakuma/item/22acdc3c91f1ee2433ffe3153c4fb86c?conversionType=service_page_search,送料込 iPhone8 64GB シルバー,"9,500 YEN",No obvious damages/dirt,iPhone 8 64GB silver 初期化して発送いたします。 #iPhone #Apple #スマホ #白 #ホワイト #シルバー,rakuma
https://buyee.jp/rakuma/item/bd777cff1ec54f925ccf8337c2e787d7?conversionType=service_page_search,バッテリー100% iPhone 13 Pro 128GB MLUE3J/A,"55,800 YEN",A little damaged/dirty,バッテリー100% 美品 SIMフリー iPhone 13 Pro 128GB MLUE3J/A 判定○ グラファイト SIMロック解除済 Apple アップル 330 商品説明 メーカー　Apple　アップル 商品名　iPhone 13 Pro 品番　MLUE3J/A (NLUE3J/A 代替え) 容量　128GB iOSバージョン　18.4.1 IMEI　354980612343330 IMEI2　354980612191028 キャリア　SIMフリー　SIMロック解除済 (元ドコモ 判定○) バッテリー最大容量　100% (2025.11.24現在) カラー　グラファイト 状態 SIMフリー SIMロック解除済になります。 ・モニター 目視で確認する限り、 傷は無いと思います。 ・側面 多少小傷や汚れがありますが、 目立つ傷や大きな汚れも無く、 全体的には、綺麗だと思います。 ・背面 多少小傷や汚れがありますが、 目立つ傷や大きな汚れも無く、 全体的には、綺麗だと思います。 全てのロック類を解除し、 初期化して発送致します。 見落としている部分もあるといけませんので、 細かな点は写真を参考にして頂き、 気になる点はコメント頂ければと思います。,rakuma
https://buyee.jp/rakuma/item/b0f6b19712d9ff04a24f85faf69a526b?conversionType=service_page_search,【最終値下げ】アップル iPhone12 64GB ブルー SIMフリー,"19,900 YEN",A little damaged/dirty,⚠️側面にキズ多数。写真をご確認ください。 カバーをつけていただければ、あまり気にならないかとは思います。 土日の購入は24時間以内に発送します。 2020年に購入。動作に問題はなし。 修理歴や交換歴はございません。 「アップル iPhone12 64GB ブルー SIMフリー」 アップル 型番：MGHR3J/A カラー：ブルー バッテリー 最大容量73% SIMロック解除済み。 #アップル #MGHR3J/A #スマホ/家電/カメラ #スマートフォン/携帯電話 #スマートフォン本体,rakuma
https://buyee.jp/rakuma/item/2ff2549b4bec1f3731b4f4b6409aa2e6?conversionType=service_page_search,美品 最大容量75% アップル iPhoneSE 第2世代 256GB ブラック,"23,800 YEN",No obvious damages/dirt,"✋ご覧頂き、誠にありがとうございます✋ ✋中古商品に対する注意事項、初期不良の対応について、当方のプロフィールにご確認ください✋ ✨他出品中の商品もぜひご覧ください✨ #ポリパソの出品リスト ⭐️当ショップの特徴 ✅メッセージなくても即購入可能 ✅当日午後12時までのご購入なら即日発送 ✅バッテリ検査済 ⭐️当商品のおすすめポイント⭐️ ⭕ストレージが最大256GB ⭕バッテリー最大容量75% ⭕SIMフリーモデル ⭐️こんな方におすすめ⭐️ ⭕届いたらすぐ使いたい方 ⭕コスパ重視の方 ⭕2台目のスマホを考えてる方 ⭐️商品状態⭐️ ⭕天板：使用に伴う小傷等がありますが、状態綺麗 ⭕画面：使用に伴う小傷等がありますが、画面割れなし、感度良好 ⭕フレーム：使用に伴る小傷がありますが、状態綺麗 ⭕バッテリ残量：75％ ⭕不具合：なし ⭕ランク：美品 ⭐️仕様⭐️ ⭕型番：iPhoneSE 第2世代 ⭕iOSバージョン：18.6 ⭕カラー：ブラック ⭕ストレージ：256GB ⭕キャリアー：SIMフリー ⭕液晶：IPSテクノロジー搭載4.7インチ（1,334 x 750ピクセル） ⭕重量：148g ⭕同梱品：なし 不明点があれば、遠慮なくコメントください 値段交渉は喜んで対応致しますので、一度ご希望金額をご相談ください 最後まで読んで頂き、ありがとうございました #iphone #apple #アップル #アイフォン #iphonese #安い #美品",rakuma
https://buyee.jp/rakuma/item/b21f179065e5de1a51d7f34cfd0d31cd?conversionType=service_page_search,iPhone SE (第2世代) SIMフリー,"9,700 YEN",A little damaged/dirty,iPhone SE (第2世代)のホワイトモデル 最新のiOS 26.0.1を搭載。 - モデル: iPhone SE (第2世代) - 色: ホワイト - OSバージョン: iOS 26.0.1 -容量：64GB -SIMロック：SIMフリー -機能不良：なし -状態：背面にワレがありますが、普通に使えます。 -アクティベーションロック：解除して発送いたします。 ご覧いただきありがとうございます。 シリーズiPhone 機種名iPhone SE 第2世代 (SE2) スマートフォン カラーホワイト 容量64GB すり替え防止の観点から、ご返品等はご遠慮ください。,rakuma
https://buyee.jp/rakuma/item/bb9cc0e0b01b233a51cd9cad8baadcd3?conversionType=service_page_search,アップル iPhoneSE 第3世代 64GB レッド,"50,000 YEN",New/Unused,お値段交渉ぜひぜひ(^^) 話の弾む方にお譲りいたします♪ 購入して、ずっと自宅保管！ 今回、販売にあたり確認したら、リンゴループ現象が起こっておりAppleに確認したら、１年以上長期未使用でのバッテリー劣化との事で、R7.11.4にバッテリー新品交換してあります。 その点はご了承ください。 購入して一度も使用はしてないので、新品・未使用にさせて頂いてます。 周りに聞いたところ、商品すり替え等あるから氣をつけた方が良いとの事なので。 充分ご理解の上、ノークレーム・ノーリターンでお願いします。 Apple iPhone SE (レッド)の本体と充電ケーブルが含まれています。 - モデル名: iPhone SE - 製造国: アメリカ合衆国 - 付属品: 充電ケーブル - カラー: レッド ご覧いただきありがとうございます。 シリーズ···iPhone 機種名···iPhone SE (第3世代) スマートフォン カラー···レッド 容量···64GB 機能不良···なし,rakuma
https://buyee.jp/rakuma/item/964589dc8286406dd4a5c58742dce9c7?conversionType=service_page_search,アップル iPhoneSE 第3世代 64GB スターライト,"50,000 YEN",New/Unused,お値段交渉ぜひぜひ(^^) 話の弾む方にお譲りいたします♪ 購入して、ずっと自宅保管！ 今回、販売にあたり確認したら、リンゴループ現象が起こっておりAppleに確認したら、１年以上長期未使用でのバッテリー劣化との事で、R7.11.15にバッテリー新品交換してあります。 その点はご了承ください。 購入して一度も使用はしてないので、新品・未使用にさせて頂いてます。 周りに聞いたところ、商品すり替え等あるから氣をつけた方が良いとの事なので。 充分ご理解の上、ノークレーム・ノーリターンでお願いします。 Apple iPhone SE (Starlight)の本体と充電ケーブルが含まれています。 - モデル名: iPhone SE - 製造国: アメリカ合衆国 - 付属品: 充電ケーブル - カラー: Starlight ご覧いただきありがとうございます。 シリーズ···iPhone 機種名···iPhone SE (第3世代) スマートフォン カラー···Starlight 容量···64GB,rakuma
https://buyee.jp/rakuma/item/68c3d5eeb8a6208091938f66aaad8a46?conversionType=service_page_search,美品！iPhone 16e 256G,"103,000 YEN",No obvious damages/dirt,買え替えのため出品です。 １年も使用していないので、バッテリーや本体の状態とてもいいです^ ^ SIMフリー 本体のみのお渡しになります。 商品入れ替え防止のため返品は承っていないです。ご了承の上購入お願い致します。 他でも出品していますので、削除する場合があります。 #iPhone16e #iPhone,rakuma
https://buyee.jp/rakuma/item/6198bff9dde0aef863f4e146b27e4023?conversionType=service_page_search,iPhone 6s 32GB ローズゴールド 本体のみ,"4,200 YEN",In bad condition overall,iPhone 6s 32GB ローズゴールド 本体のみ 新しい物を購入した為、お譲りいたします。 通電、起動、動作はしますが バッテリーが修理と書いてあるため 交換が必要かと思います。 使用感もだいぶありますので 修理できる方や部品取りなどにいかがでしょうか？ ■商品情報 [メーカー] Apple [製品名] iPhone [世代] 6s [カラー] ローズゴールド [ストレージ容量] 32GB [利用制限状態]〇 [バッテリー残量] 修理が必要です 状態につきましては、画像を良くご覧いただきご自身で御判断頂きますよう宜しくお願い致します。 ※中古品につき画像・記載にないダメージがある場合がございます。 ※画像が全てです。現状のお渡しとなります。 ※画像にない付属品等は付いておりません。 H500 251020MM210 シリーズ...iPhone 機種名...iPhone 6s スマートフォン カラー...ローズゴールド 容量...32GB,rakuma
https://buyee.jp/rakuma/item/2ff03d33f1a6d9dd7324556478f2266e?conversionType=service_page_search,美品iPhoneSE 第二世代(フィルムケース付き)　64G ホワイト　UQ,"17,900 YEN",No obvious damages/dirt,新しいスマホを買ったのでお譲り致します 新品からカバーとガラスフィルムで 保護してたので キズは全くないです。 バッテリーは78%です。 新品のスマホケースとガラスフィルム1枚もお付けします よろしくお願いします。,rakuma
https://buyee.jp/rakuma/item/24d8ea1b8520b1de77b54680859f885c?conversionType=service_page_search,Android SIMフリー OPPO A3 5G ブラック 楽天モバイル,"16,500 YEN",New/Unused,商品に興味をもっていただき、ありがとうございます。 以下お読みいただき、入札をお待ちしています。 OPPO A3 5G  は9月末楽天モバイルで購入。ショップにて通電確認のため、開封しただけのもので一度も使用はしておりません。使う予定でいましたが使ってたスマホが直ったので出品します。 すり替え防止のため、ご購入後のキャンセル、返品はお受けできません。不明な点はご購入前にご質問をお願いします。当方仕事しながらになるため、発送までにお時間を頂く場合がございます。あらかじめ、ご了承ください。 ノークレームノーリターンでお願いします。,rakuma
https://buyee.jp/rakuma/item/94e16af43013c616626a06d1120e80ff?conversionType=service_page_search,iPhone13（ブルー・128GB・SIMフリー）,"40,000 YEN",No obvious damages/dirt,【ご購入前にプロフィール一読お願いします！】 3年程前に新品購入しました。SIMロック解除済です。 画像3〜5枚目の通り、本体左側面サイレントスイッチ、本体右下正面、カメラベゼル部分に塗装のハゲ等ございます。液正面には新品購入時から保護フィルムを貼り付けていますので、キズ等ございません。 カメラの調子も特段異常ありません。バッテリー最大容量は74%（画像6枚目 2025/08/10現在）です。 以下の物を付属品としてお付けします。 ・CASEFINITE THD FROST AIR ULTRA（スモークブラック・MagSafeモデル）ケース ・サードパーティ製（メーカー名不詳） SDカードリーダー ・Apple純正USB C to Lightningケーブル（ホワイト・1m） ・サードパーティ製（メーカー名不詳）USB A to Lightningケーブル（ホワイト・1m） ・ELECOM USB A to Lightningケーブル（ブラック・1.5m） 初期化し発送いたします。 中古品とご理解いただき購入をお願いいたします。特にケースはキズ等目立ちますので、おまけ程度にお考えください。 またすり替え等防止の為、返品は対応いたしかねます。保護フィルムはご要望がありましたら、取り外して発送します。 値下げ、同梱、配送方法の変更、商品画像の追加等のご要望はコメントにて承ります。 #iphone #iphone13 #apple #アップル　#casefinite #elecom #エレコム #usb #スマホ #スマートフォン,rakuma
https://buyee.jp/rakuma/item/2ca86e7fb0a1d32247de5d106cb3f2cc?conversionType=service_page_search,アップル iPhone17 256GB ブラック,"148,000 YEN",New/Unused,「アップル iPhone17 256GB ブラック」 アップル 型番：MG674J/A カラー：ブラック 代表カラー：ブラック OS種類：iOS SIMフリー：有 SIM種類：eSIM ストレージ容量合計：256 GB 機種・対応機種（スマートフォン）：iPhone 17 シリーズ名：iPhone（アップル） 顔認証：有 #アップル #MG674J/A #スマホ/家電/カメラ #スマートフォン/携帯電話 #スマートフォン本体,rakuma
https://buyee.jp/rakuma/item/506ec3baead5299efd24993b0b0a422f?conversionType=service_page_search,ASUS SIMフリースマートフォン ROG Phone6 ROG6-BK12…,"47,000 YEN",A little damaged/dirty,"「ASUS SIMフリースマートフォン ROG Phone6 ROG6-BK12R256」 ASUS 型番：ROG6-BK12R256 カラー：ファントムブラック 【CPU】Qualcomm Snapdragon 8+ Gen 1 (オクタコアCPU) 【メモリ】12GB (LPDDR5) 【ストレージ】256GB(UFS3.1) 【ディスプレイ】6.78型 ワイドAMOLEDディスプレイ Corning Gorilla Glass Victus 【解像度】2,448×1,080ドット (フルHD+) (165Hz) 【グラフィックス】Adreno 730 【バッテリー容量】6000mAh 【消費電力】最大65W (Quick Charge 5.0/USB Power Delivery 3.0対応) ※急速充電は、付属のACアダプターを使用する必要があります。 【バッテリー駆動】 ・WiFi通信時:約16.0時間 ・モバイル通信時:約16.6時間 (LTE), 約14.0時間 (5G) ・連続通話時間:約2,658分 (3G), 約2,850分 (VoLTE) ・連続待ち受け時間:約294時間 (3G), 約393時間 (VoLTE), 約355時間 (5G) ※自社調べ(使用環境や設定などによって記載時間と異なる場合があります) 【アウトカメラ】5,000万画素 広角カメラ内蔵 (メインカメラ) / 1,300万画素 超広角カメラ内蔵 (2ndカメラ) / 500万画素 マクロカメラ内蔵 (3rdカメラ) 【インカメラ】1,200万画素カメラ内蔵 【サウンド】Hi-Res, Dirac HD Sound, デュアルフロントスピーカー内蔵, トリプルマイク内蔵 中古で購入した物を1年程使用しました。 ケース、フィルムを付けて使用していたので比較的綺麗だと思いますが、多少の傷、汚れはご理解お願いします。 箱、充電ケーブル等、付属品もあります。 発送の際は保護も兼ねて使用していたフィルム、ケースを付けたまま発送します。不用の場合はコメントください。 よろしくお願いします。 #ASUS #ROG6-BK12R256 #ROGphone #ROGphone6 #ROG6 #スマホ/家電/カメラ #スマートフォン/携帯電話 #スマートフォン本体",rakuma
https://buyee.jp/rakuma/item/f040b0e7d9a6a26e428a8e2e5e0d7ed6?conversionType=service_page_search,iPhone SE 第二世代 64GB ホワイト,"11,000 YEN",A little damaged/dirty,- モデル名: MacBook Air 2020 - 色: ホワイト -ストレージ:64GB - 初期設定:済 -傷: 側面にキズがございます。 -バッテリーの状態:74% 不具合関連: 使用してて不具合は特になく、画面も問題なく表示されています。（ホームボタン、touch ID、Wi-Fi、Bluetooth、カメラ、マイク、画面表示等） -付属品:なし -箱:なし 【注意事項】 こちらは中古品ですので、ご理解いただけますと幸いです。 ご覧いただきありがとうございました。,rakuma
https://buyee.jp/rakuma/item/b5a1efc43b62c8bdcf4cdb52b8db35de?conversionType=service_page_search,iPhone17 256GB 黒 ブラック Apple アイフォン アイホン,"135,000 YEN",New/Unused,ご覧頂きましてありがとうございます(^^) はじめに… こちらの商品は、購入者様より支払いができない為キャンセルしてほしい」とご連絡があり、ラクマ事務局にてキャンセルが成立となりましたため、再出品しておりますm(__)m ● 商品名 新品未使用 アップル iPhone17 256GB ブラック　です♪ IMEI2 355720879846685 カラー：ブラック OS種類：iOS SIMフリー：有 SIM種類：eSIM ストレージ容量合計：256 GB 機種・対応機種（スマートフォン）：iPhone 17 シリーズ名：iPhone（アップル） 顔認証：有 ●状態 新品未使用 2025年11月中旬に家電量販店で一括購入しました。 通電確認のため開封はしておりますが、4枚目画像の白いフィルムも剥がしておらず、電源のオン・オフをして透かしで通電確認をしただけで、実際の使用は一度もありません。 悩んだ末、別の機種を使うことにしたため、どなたかご活用いただける方にお譲りいたします。 一括で精算しておりますので、残債は一切なく、simフリー且つネットワーク制限もかかることはございません。 ※すり替え防止の為、キャンセル、交換、返品、返金等は固くお断りします。 ●梱包・発送について ゆうパケットポストにて発送予定 ※発送は24時間以内を目指しております。 ・opp袋＋緩衝材付き宅配封筒にて梱包の上発送致します。 ※喫煙者・ペットなし ※クーポン利用可 ※即購入大歓迎です♪ ※他でも出品しているので、突然削除する場合がございますm(__)m #アップル #MG674J/A #スマホ/家電/カメラ #スマートフォン/携帯電話 #スマートフォン本体,rakuma
https://buyee.jp/rakuma/item/90581ae3dccecf41d1ab3e6ea04ee4fc?conversionType=service_page_search,アップル iPhone15 128GB ブラック,"75,000 YEN",No obvious damages/dirt,「アップル iPhone15 128GB ブラック」 アップル 型番：MTMH3J/A カラー：ブラック 代表カラー：ブラック CPUコア数：6.0 コア OS種類：iOS SIMフリー：有 SIM種類：eSIM|nano-SIM ストレージ容量合計：128 GB バッテリー容量：3349.0 mAh メモリ容量（RAM）：6.0 GB 画面サイズ：6.1 in 5G対応可否：可 e-SIM対応の有無：有 機種・対応機種（スマートフォン）：iPhone15 SIMロック解除可：可能 SIMロック解除済：SIMロック解除済 おサイフケータイ：無 シリーズ名：iPhone（アップル） 顔認証：有 指紋認証：無 有効画素数（サブ）：1200.0 万画素 接続端子：USB Type-C #アップル #MTMH3J/A #スマホ/家電/カメラ #スマートフォン/携帯電話 #スマートフォン本体,rakuma
https://buyee.jp/rakuma/item/99cb30740bc2cf4f4bb5a835eb9776e3?conversionType=service_page_search,Apple iPhone12 SIMフリー 64GB BT100 %,"27,500 YEN",A little damaged/dirty,■商品状態: ＊液晶画面の上部にすれ傷があります。(写真に写せなかったです。) ＊本体背面Appleマーク付近にすれ傷があります。 ＊色 : ブルー ＊付属品 : なし(本体のみ) ■バッテリー: 100% ・バッテリー最大容量については掲載当時の状態となります。 ・今後変更になる場合がありますので、目安として予めご了承ください。 ・交換歴やバッテリーの性能に付いては不明です。 ■ 正規代理店でApple純正部品を使用して部品の交換歴があります。 ■IMEI: 353045114966904 KDDI判定結果：○ SBM系判定結果：ー docomo判定結果：一 mineo判定結果：一 楽天モバイル（β）判定結果：一 ＊アクティベーションロック : OFF 「iPhoneを探す」はOFFになってます。ご自身のappleIDが設定可能です。 ■動作確認事項 ・画面タッチ ○ ・FaceID  ○ ・ホームボタン ○ ・音量+- ○ ・サイレントSW ○ ・アウトカメラ/インカメラ○ ・Wi-Fi接続 ○ ■その他、全ての機能を確認した訳ではありませんので今後の保証を出来ないことはご了承ください。 ■購入後のご質問など対応出来ない事がありますので、必ずご購入前にご質問して頂きますようお願いします。 ■自宅に喫煙者およびペットは居ません。 ■アルコール消毒後に初期化して「ネコポス」発送致します。 ■以上、中古品である事をご理解いただいた上のご購入よろしくお願いいたします。 ■他のサイトにも出品しているため、突然の削除の可能性がある事をご了承ください。,rakuma
https://buyee.jp/rakuma/item/6b435941ed427a368871d890d7773f73?conversionType=service_page_search,Rakuten Hand 5G クリムゾンレッド 128GB P780,"5,300 YEN",A little damaged/dirty,Rakuten Hand 5G クリムゾンレッド 128GB P780 本体のみの出品です。 付属品ついていません。 漫画アプリの閲覧専用機として家から持ち出しする事なく使用していました。 eSIM専用機ですのでお気をつけ下さい。 詳しいスペックはメーカーホームページ等でご確認下さい。 初期化済して、ゆうパケットポストで発送します。 楽天モバイル 型番：P780 カラー：クリムゾンレッド #楽天モバイル #P780 #スマホ/家電/カメラ #スマートフォン/携帯電話 #スマートフォン本体,rakuma
https://buyee.jp/rakuma/item/529c6350d0279d095bdc359cc14ab75e?conversionType=service_page_search,MOTOROLA スマートフォン moto g52j 5G パールホワイト P…,"18,000 YEN",No obvious damages/dirt,「MOTOROLA スマートフォン moto g52j 5G パールホワイト PATM0001JP」 MOTOROLA 型番：PATM0001JP カラー：Pearl White 1年弱利用しました、動作に問題はありません。 バッテリーはライトユーザーであれば１日十分持つ感じです。 フィルムに細かい傷はありますが、他に目立った傷はありません(フィルムはそのままお送りします。) お送りするのは本体のみとなります。 箱もありますが、大きいためお送りしません。ご所望の方は送料ご負担いただけるのであればお送りすることは可能ですので、ご連絡ください。 中古ということをご理解の上ご購入をご検討ください。 不明点等はお問い合わせください。 よろしくお願いします。 IMEI1 356119572280210 IMEI2 356119572280228 #MOTOROLA #PATM0001JP #スマホ/家電/カメラ #スマートフォン/携帯電話 #スマートフォン本体,rakuma
https://buyee.jp/rakuma/item/d8650208a2f5d6c2d3fe99a6266c5e4d?conversionType=service_page_search,OPPO A73 64GB ダイナミック オレンジ,"7,800 YEN",No obvious damages/dirt,「OPPO A73」 オッポ 型番：CPH2099 カラー：ダイナミック オレンジ SIMロック解除済：SIMロック解除済 IMEI 1  865063051788299 IMEI 2  865063051788281 ケースに入れてフィルムを貼って使っていたので本体に目立った傷等はありません。 フィルムには細かい使用感がありますので、新しいフィルムを別途お付けします、張り替えてご利用ください。 動作には問題ありません。 本体のみ梱包して送付させていただきます。 箱はあるのですが大きいためお送りしません、送料負担していただけるのであればお送りすることは可能です。 不明点等はご連絡ください。 よろしくお願いします。 #オッポ #CPH2099 #スマホ/家電/カメラ #スマートフォン/携帯電話 #スマートフォン本体,rakuma
https://buyee.jp/rakuma/item/b81d019d8b5b696096819dbf7c63046f?conversionType=service_page_search,Google Pixel 6a,"23,000 YEN",No obvious damages/dirt,「Google Pixel 6a」 グーグル 型番：PIXEL6A(W) カラー：Chalk カバー、画面フィルムを付けていたため目立った汚れや傷みはありません。 不具合、故障歴もなく正常に動作します。 バッテリーはライトユーザの使い方で1日持つ感じです。 Google Pixel 6a バッテリー パフォーマンス プログラムについては対象外です。 付属品は箱と本体となります。 現状フィルムは貼り付けたままですが、未使用のものを1枚お付けします。 IMEI　350438336455421 ご質問等あればご連絡ください。 よろしくお願いします。 #グーグル #PIXEL6A(W) #スマホ/家電/カメラ #スマートフォン/携帯電話 #スマートフォン本体,rakuma
https://buyee.jp/rakuma/item/8645461ec405a6d85c531d2c5baf939d?conversionType=service_page_search,AQUOS zero 2 （906SH）SIMフリー ☆ Astro Black,"9,500 YEN",Damaged/dirty,"SHARP AQUOS zero 2  906SH （SoftBank） アストロブラック です。 SIMロック解除済み 背面ですが目立つすり傷があります。 画面は微細な傷はありますが、目立つ傷や汚れなどはありません。 カメラは問題なく撮影可能。（レンズに傷や汚れなし） 使用に関しての機能は問題ありません。 新品のクリアケースと手帳型ケース、ガラスフィルム（新品）をお付けします。 画面に貼っているガラスフィルムは貼ったまま発送いたします。 同梱物：箱、クリアケース（新品）、ガラスフィルム（新品） IMEI：357994100170144 Androidバージョン：10 （12へアップグレード可能） 【AQUOS zero2】 チップセット:Snapdragon 855 RAM:8GB ROM:256GB ディスプレイ:約6.4インチ有機EL、1,080×2,340ドット 約6.2インチ Pro IGZO、1,440×3,120ドット スピーカー:ステレオ バッテリー容量3,200mAh 充電方式:USB PD SIMカードnano SIM 重さ約141g 大きさ（高さ×幅×厚さ）約158×74×8.8mm約156×74×8.9mm OS:Android 10 ★ラクマパック宅急便コンパクトにて発送いたします。 どうぞよろしくお願いいたします☆ ご覧いただきありがとうございます。 シリーズ...AQUOS 機種名...AQUOS zero2 スマートフォン カラー...アストロブラック 容量...256GB 機能不良...なし",rakuma
https://buyee.jp/rakuma/item/79b013d5421bf47db56560e91bfd9c72?conversionType=service_page_search,Apple iPhone7 ゴールド128GB simフリー82%初期化済み,"8,000 YEN",No obvious damages/dirt,SIM: フリー AirDrop、外カメ、内カメ問題無し Wi-Fi◯、BluetoothON◯、Apple ID◯、カメラ◯、スピーカー◯、マイク◯、イヤホン◯、Touch ID◯、AirDrop◯、ボタン類◯、ライト◯、充電◯ ※ジャンク扱い 古い機種の為、 モバイル通信、アプリインストール確認はしていません（こちらが必須の方は自己責任でお願い致します）、 SIMの確認もしておりません。メインスマホには推奨しません。 あくまでもサブとしてお考え下さい。SIMを使う場合自己責任でお願いします。 ※バッテリー最大容量: 82% ※アクティベーションロック解除済み、 初期化、アクティベート確認済み。 利用制限無し。 ※本体のみ。付属品無し。 128GBストレージのiPhone 7、最新ソフトウェアで快適な操作が可能。 - モデル名: iPhone 7 - ストレージ容量: 128 GB - ソフトウェアバージョン: 15.8.3 ご覧いただきありがとうございます。 シリーズ···iPhone 機種名···iPhone 7 スマートフォン カラー···ゴールド 容量···128GB 機能不良···なし,rakuma
https://buyee.jp/rakuma/item/ae16e9d2b33482b37bf5fad27d738fab?conversionType=service_page_search,★早い者勝ち★ iPhone 12 mini 128GB White 新品交換品,"59,999 YEN",New/Unused,携帯会社：Apple 端末機種：iPhone 12 mini モデル番号：A2398 容量：128GB カラー：White IMEI（製造番号）：35 657612 056327 4 交換品につきネットワーク利用制限は「ー」の表示になります。 AppleCareサポートによるエクスプレス交換品の新品です。 本体のみで附属品はございません。 もちろん新品ですのでバッテリー容量100%です。 iPhoneのアップデートは、必要な空き容量がないと出来ませんので、最低でも128GB以上あったほうが良いです。 すり替えなど防止のため、キャンセル、返品、交換などは不可とさせていただきます。 ご理解、ご了承いただける方のご購入をお願いいたします。,rakuma
https://buyee.jp/rakuma/item/c98f75e829c3cf1005c7799ec757e47b?conversionType=service_page_search,【全額返金保証】【最速発送】Apple iPhone iPhone 13 Pro 256GB グラファイト Softbank 動作確認済,"50,200 YEN",Damaged/dirty,[商品番号]202511-0059069-S [メーカー]Apple [型番]MLUN3J/A [製品名]iPhone [シリーズ]Pro [世代]13 [カラー]グラファイト [OS]18.6.2 [ストレージ容量]256GB [WiFi]OK [BlueTooth]OK [IMEI]357866895622580 [SIM]Softbank [利用制限状態]△：今後ネットワーク利用制限がかかる可能性があります [バッテリー残量]79% [バッテリー稼働チェック]バッテリーのみで動作可能です [FaceID]OK [TouchID]非搭載 [音声出力]OK [カメラ]OK [液晶]傷・汚れ、色むら、ドット抜けなどなくクリアです。 [シリアル]GGHWQQR3T1 [メーカー保証]期限切れ [アクティベーションロック]解除済み [SIMロック]SIMロック解除済み [タッチパネル]入力に問題ございません。 [付属品]元箱、取扱説明書、SIMピン [欠品している付属品] 写真の内容が全てです。「付属品」欄で記載した付属品以外は無いものとお考えください。 [外観について]若干傷・汚れなど見られますが概ね良好です。 [動作について]動作に不具合が見られます（その他特記事項を参照ください） [その他特記事項] ・バッテリーですが、サービス表記がございます。 ・背面カメラ、ポートレートモード撮影時、丸い影の映り込みがございます。 ・背面カメラレンズ際に擦れ傷、リングに汚れ、線傷がございます。 ・受話口、下部スピーカーに汚れがございます。 こちらの商品はラクマ公式パートナーの株式会社YTHサービスによって出品されています。,rakuma
https://buyee.jp/rakuma/item/147d7d2bb8ae73e32e3c0e32e45e099f?conversionType=service_page_search,【全額返金保証】【最速発送】Apple iPhone iPhone 14 Pro Max 256GB スペースブラック docomo 動作確認済,"97,500 YEN",Damaged/dirty,[商品番号]202511-0058718-S [メーカー]Apple [型番]MQ9A3J/A [製品名]iPhone [シリーズ]Pro Max [世代]14 [カラー]スペースブラック [OS]26.0.1 [ストレージ容量]256GB [WiFi]OK [BlueTooth]OK [IMEI]350550255633604 [SIM]docomo [利用制限状態]〇：今後ネットワーク利用制限がかかることはありません [バッテリー残量]76% [バッテリー稼働チェック]バッテリーのみで動作可能です [FaceID]OK [TouchID]非搭載 [音声出力]OK [カメラ]OK [液晶]傷・汚れが見られますが概ね良好です。 [シリアル]K4XRH22PM9 [メーカー保証]期限切れ [アクティベーションロック]解除済み [SIMロック]SIMロック解除済み [タッチパネル]入力に問題ございません。 [付属品]本体のみ [欠品している付属品]元箱、取扱説明書、SIMピン、充電ケーブル 写真の内容が全てです。「付属品」欄で記載した付属品以外は無いものとお考えください。 [外観について]傷・汚れなどが目立ちます。 [動作について]問題ございません。 [その他特記事項] ・液晶全体に細かな線傷や削れ傷、擦れがみられます ・フレーム全体に擦り傷や欠け傷、擦れがみられます ・充電口付近に細かな線傷がみられます ・背面パネルにテカリがみられます ・外カメラフレームに小傷がみられます こちらの商品はラクマ公式パートナーの株式会社YTHサービスによって出品されています。,rakuma
https://buyee.jp/rakuma/item/424f799f3e29b9edfa6c32cf66ecd168?conversionType=service_page_search,【全額返金保証】【最速発送】Apple iPhone iPhone 13 Pro 256GB シエラブルー au SIMフリー 動作確認済,"50,200 YEN",Damaged/dirty,[商品番号]202511-0059122-S [メーカー]Apple [型番]MLUU3J/A [製品名]iPhone [シリーズ]Pro [世代]13 [カラー]シエラブルー [OS]26.0 [ストレージ容量]256GB [WiFi]OK [BlueTooth]OK [IMEI]356144890363142 [SIM]au [利用制限状態]〇：今後ネットワーク利用制限がかかることはありません [バッテリー残量]79% [バッテリー稼働チェック]バッテリーのみで動作可能です [FaceID]OK [TouchID]非搭載 [音声出力]OK [カメラ]OK [液晶]傷・汚れ、色むら、ドット抜けなどなくクリアです。 [シリアル]K61WHXP6D9 [メーカー保証]期限切れ [アクティベーションロック]解除済み [SIMロック]SIMフリー [タッチパネル]入力に問題ございません。 [付属品]本体のみ [欠品している付属品]元箱、説明書、充電ケーブル、SIMピン 写真の内容が全てです。「付属品」欄で記載した付属品以外は無いものとお考えください。 [外観について]若干傷・汚れなど見られますが概ね良好です。 [動作について]問題ございません。 [その他特記事項] ・マイク、スピーカー部分に汚れがございます。 ・前面側マイクに汚れがございます。 ・カメラレンズ周りに汚れがございます。 ・充電口に擦れがございます。 ・フレーム全体に汚れテカリがございます。 こちらの商品はラクマ公式パートナーの株式会社YTHサービスによって出品されています。,rakuma
https://buyee.jp/rakuma/item/35abc5595329cd98175caad083aab644?conversionType=service_page_search,【全額返金保証】【最速発送】Apple iPhone iPhone 13 Pro 128GB ゴールド SIMフリー 動作確認済,"47,200 YEN",Damaged/dirty,[商品番号]202511-0060256-S [メーカー]Apple [型番]MLUH3J/A [製品名]iPhone [シリーズ]Pro [世代]13 [カラー]ゴールド [OS]18.6.2 [ストレージ容量]128GB [WiFi]OK [BlueTooth]OK [IMEI]356942288749933 [利用制限状態]〇：今後ネットワーク利用制限がかかることはありません [バッテリー残量]81% [バッテリー稼働チェック]バッテリーのみで動作可能です [FaceID]OK [TouchID]非搭載 [音声出力]OK [カメラ]OK [液晶]傷・汚れ、色むら、ドット抜けなどなくクリアです。 [シリアル]CJCDW91FPJ [メーカー保証]期限切れ [アクティベーションロック]解除済み [SIMロック]SIMフリー [タッチパネル]入力に問題ございません。 [付属品]元箱、取扱説明書、SIMピン [欠品している付属品]ケーブル 写真の内容が全てです。「付属品」欄で記載した付属品以外は無いものとお考えください。 [外観について]若干傷・汚れなど見られますが概ね良好です。 [動作について]問題ございません。 [その他特記事項] ・フレームに傷がございます ・ポートレート時に影の映り込みがございます こちらの商品はラクマ公式パートナーの株式会社YTHサービスによって出品されています。,rakuma
https://buyee.jp/rakuma/item/d7b1fbfecf8385440ee9cbfb6b995de2?conversionType=service_page_search,【全額返金保証】【最速発送】Apple iPhone iPhone 12 128GB グリーン Softbank 動作確認済,"28,300 YEN",Damaged/dirty,[商品番号]202511-0058847-S [メーカー]Apple [型番]MGHY3J/A [製品名]iPhone [世代]12 [カラー]グリーン [OS]18.6.2 [ストレージ容量]128GB [WiFi]OK [BlueTooth]OK [IMEI]353047113696227 [SIM]Softbank [利用制限状態]〇：今後ネットワーク利用制限がかかることはありません [バッテリー残量]78% [バッテリー稼働チェック]バッテリーのみで動作可能です [FaceID]OK [TouchID]非搭載 [音声出力]OK [カメラ]OK [液晶]色むら・ドット抜けが見られます。 [シリアル]G6TDV6HR0F0F [メーカー保証]期限切れ [アクティベーションロック]解除済み [SIMロック]SIMロック解除済み [タッチパネル]入力に問題ございません。 [付属品]本体のみ [欠品している付属品]元箱、取説、SIMピン、電源ケーブル 写真の内容が全てです。「付属品」欄で記載した付属品以外は無いものとお考えください。 [外観について]傷・汚れなどが目立ちます。 [動作について]問題ございません。 [その他特記事項] 液晶縁回りの輝度がやや低下しており暗い感じがします。 こちらの商品はラクマ公式パートナーの株式会社YTHサービスによって出品されています。,rakuma
https://buyee.jp/rakuma/item/408f3a84ac0adc802b7443a3560c14cf?conversionType=service_page_search,【全額返金保証】【最速発送】Apple iPhone iPhone 12 128GB ブラック Softbank 動作確認済,"28,300 YEN",Damaged/dirty,[商品番号]202511-0058846-S [メーカー]Apple [型番]MGHU3J/A [製品名]iPhone [世代]12 [カラー]ブラック [OS]18.6.2 [ストレージ容量]128GB [WiFi]OK [BlueTooth]OK [IMEI]353046118023981 [SIM]Softbank [利用制限状態]〇：今後ネットワーク利用制限がかかることはありません [バッテリー残量]79% [バッテリー稼働チェック]バッテリーのみで動作可能です [FaceID]OK [TouchID]非搭載 [音声出力]OK [カメラ]OK [液晶]色むら・ドット抜けが見られます。 [シリアル]FFXDX56V0F06 [メーカー保証]期限切れ [アクティベーションロック]解除済み [SIMロック]SIMロック解除済み [タッチパネル]入力に問題ございません。 [付属品]本体のみ [欠品している付属品]元箱、取説、SIMピン、電源ケーブル 写真の内容が全てです。「付属品」欄で記載した付属品以外は無いものとお考えください。 [外観について]傷・汚れなどが目立ちます。 [動作について]問題ございません。 [その他特記事項] 液晶縁回りに黄色の変色が見られます。 フレーム周りにテカリスレが見られます。 背面に取れない汚れが付着しています。 カメラフレーム周りの塗装剥がれが目立ちます。 こちらの商品はラクマ公式パートナーの株式会社YTHサービスによって出品されています。,rakuma
https://buyee.jp/rakuma/item/47912c53666cbf97ca4369c117523af8?conversionType=service_page_search,【全額返金保証】【最速発送】Apple iPhone iPhone 8 Plus 256GB スペースグレイ Softbank SIMフリー 動作確認済,"12,900 YEN",Damaged/dirty,[商品番号]202511-0059280-S [メーカー]Apple [型番]MQ9N2J/A [製品名]iPhone [シリーズ]Plus [世代]8 [カラー]スペースグレイ [OS]16.7.4 [ストレージ容量]256GB [WiFi]OK [BlueTooth]OK [IMEI]356734085135774 [SIM]Softbank [利用制限状態]〇：今後ネットワーク利用制限がかかることはありません [バッテリー残量]99% [バッテリー稼働チェック]バッテリーのみで動作可能です [FaceID]非搭載 [TouchID]OK [音声出力]OK [カメラ]OK [液晶]色むら・ドット抜けが見られます。 [シリアル]C39WH050JCLV [メーカー保証]期限切れ [アクティベーションロック]解除済み [SIMロック]SIMフリー [タッチパネル]入力に問題ございません。 [付属品]本体のみ [欠品している付属品]元箱、取扱説明書、充電アダプタ、充電ケーブル、SIMピン、イヤホン 写真の内容が全てです。「付属品」欄で記載した付属品以外は無いものとお考えください。 [外観について]若干傷・汚れなど見られますが概ね良好です。 [動作について]動作に不具合が見られます（その他特記事項を参照ください） [その他特記事項] ・画面の端が薄っすら茶色がかって見える色むらがございます。 ・背面カメラにて撮影時に、1cmほどの薄っすらと丸い映り込みが下部辺りに1つ見られます。 ・側面全体に擦れや汚れや小傷や細かな塗装剥がれ、受話口やスピーカー穴に汚れの付着がございます。 ・背面の全体に擦れや点傷、中央にシールが貼ってあります。 こちらの商品はラクマ公式パートナーの株式会社YTHサービスによって出品されています。,rakuma
https://buyee.jp/rakuma/item/e66908e9cadf9fb078603b5f0a7b8212?conversionType=service_page_search,【全額返金保証】【最速発送】Apple iPhone iPhone 8 Plus 256GB ゴールド docomo 動作確認済,"12,900 YEN",Damaged/dirty,[商品番号]202511-0058750-P [メーカー]Apple [型番]MQ9Q2J/A [製品名]iPhone [シリーズ]Plus [世代]8 [カラー]ゴールド [OS]16.7.10 [ストレージ容量]256GB [WiFi]OK [BlueTooth]OK [IMEI]356733082755873 [SIM]docomo [利用制限状態]〇：今後ネットワーク利用制限がかかることはありません [バッテリー残量]77% [バッテリー稼働チェック]バッテリーのみで動作可能です [FaceID]非搭載 [TouchID]OK [音声出力]OK [カメラ]OK [液晶]傷・汚れが見られますが概ね良好です。 [シリアル]C39VKM7SJCLX [メーカー保証]期限切れ [アクティベーションロック]解除済み [SIMロック]SIMロック解除済み [タッチパネル]入力に問題ございません。 [付属品]本体のみ [欠品している付属品]元箱、取扱説明書、充電ケーブル、SIMピン 写真の内容が全てです。「付属品」欄で記載した付属品以外は無いものとお考えください。 [外観について]傷・汚れなどが目立ちます。 [動作について]問題ございません。 [その他特記事項] ・画面　線傷が複数あります ・側面とフチ　1～5ミリ位の傷と塗装剥がれが多数あります ・背面　天傷と汚れが複数あります ・背面カメラ周りの金属部分に傷と塗装剥がれが複数あります こちらの商品はラクマ公式パートナーの株式会社YTHサービスによって出品されています。,rakuma
https://buyee.jp/rakuma/item/c188ec7db77980a968a1affd1085998c?conversionType=service_page_search,【全額返金保証】【最速発送】Apple iPhone iPhone 12 mini 256GB グリーン Y!mobile 動作確認済,"25,700 YEN",Damaged/dirty,[商品番号]202511-0060127-S [メーカー]Apple [型番]MGDW3J/A [製品名]iPhone [シリーズ]mini [世代]12 [カラー]グリーン [OS]18.6.2 [ストレージ容量]256GB [WiFi]OK [BlueTooth]OK [IMEI]353014118036122 [SIM]Y!mobile [利用制限状態]〇：今後ネットワーク利用制限がかかることはありません [バッテリー残量]83% [バッテリー稼働チェック]バッテリーのみで動作可能です [FaceID]OK [TouchID]非搭載 [音声出力]OK [カメラ]OK [液晶]傷・汚れ、色むら、ドット抜けなどなくクリアです。 [シリアル]FD9DN0RL0GQQ [メーカー保証]期限切れ [アクティベーションロック]解除済み [SIMロック]SIMロック解除済み [タッチパネル]入力に問題ございません。 [付属品]本体のみ、元箱 [欠品している付属品]ピン、充電ケーブル、取扱説明書 写真の内容が全てです。「付属品」欄で記載した付属品以外は無いものとお考えください。 [外観について]若干傷・汚れなど見られますが概ね良好です。 [動作について]問題ございません。 [その他外観について] バッテリー状態が83%ですが、サービス表記が出ています。 SIMトレイ付近に1箇所点傷がございます。 こちらの商品はラクマ公式パートナーの株式会社YTHサービスによって出品されています。,rakuma
https://buyee.jp/rakuma/item/caf924acd7bb49efb9d18d1f9304bab7?conversionType=service_page_search,【全額返金保証】【最速発送】Apple iPhone iPhone SE（第3世代） 64GB スターライト Softbank SIMフリー 動作確認済,"22,600 YEN",A little damaged/dirty,[商品番号]202511-0060455-S [メーカー]Apple [型番]MMYD3J/A [製品名]iPhone [シリーズ]SE（第3世代） [カラー]スターライト [OS]18.7 [ストレージ容量]64GB [WiFi]OK [BlueTooth]OK [IMEI]354532193941980 [SIM]Softbank [利用制限状態]△：今後ネットワーク利用制限がかかる可能性があります [バッテリー残量]85% [バッテリー稼働チェック]バッテリーのみで動作可能です [FaceID]非搭載 [TouchID]OK [音声出力]OK [カメラ]OK [液晶]傷・汚れ、色むら、ドット抜けなどなくクリアです。 [シリアル]W0VTQXJ34P [メーカー保証]期限切れ [アクティベーションロック]解除済み [SIMロック]SIMフリー [タッチパネル]入力に問題ございません。 [付属品]元箱、取扱説明書、充電ケーブル、SIMピン [欠品している付属品] 写真の内容が全てです。「付属品」欄で記載した付属品以外は無いものとお考えください。 [外観について]若干傷・汚れなど見られますが概ね良好です。 [動作について]問題ございません。 [その他特記事項] ・マイク、スピーカー及び充電口付近に微細なキズがございます。 こちらの商品はラクマ公式パートナーの株式会社YTHサービスによって出品されています。,rakuma
https://buyee.jp/rakuma/item/b0877de4eb34aeca5290ad29f084b9b0?conversionType=service_page_search,【全額返金保証】【最速発送】Apple iPhone iPhone 13 Pro 512GB シエラブルー Softbank SIMフリー 動作確認済,"62,600 YEN",A little damaged/dirty,[商品番号]202511-0060434-S [メーカー]Apple [型番]MLV03J/A [製品名]iPhone [シリーズ]Pro [世代]13 [カラー]シエラブルー [OS]18.4.1 [ストレージ容量]512GB [WiFi]OK [BlueTooth]OK [IMEI]353742331078097 [SIM]Softbank [利用制限状態]△：今後ネットワーク利用制限がかかる可能性があります [バッテリー残量]81% [バッテリー稼働チェック]バッテリーのみで動作可能です [FaceID]OK [TouchID]非搭載 [音声出力]OK [カメラ]OK [液晶]傷・汚れが見られますが概ね良好です。 [シリアル]N74YKD4CJY [メーカー保証]期限切れ [アクティベーションロック]解除済み [SIMロック]SIMフリー [タッチパネル]入力に問題ございません。 [付属品]本体のみ [欠品している付属品]元箱、取扱説明書、充電ケーブル、SIMピン 写真の内容が全てです。「付属品」欄で記載した付属品以外は無いものとお考えください。 [外観について]若干傷・汚れなど見られますが概ね良好です。 [動作について]問題ございません。 [その他特記事項] ・側面に細かい擦れとテカリが複数みられます。 ・背面にテカリがみられます。 ・背面カメラレンズ周りに擦れがみられます。 ・背面カメラにてポートレートモード時に、薄っすらと丸い3㎜程の映り込みが画面に10個以上みられます。 こちらの商品はラクマ公式パートナーの株式会社YTHサービスによって出品されています。,rakuma
https://buyee.jp/item/jdirectitems/auction/o1191258950,ED259 SIMフリー iPhone13 ミッドナイト 128GB ジャンク ロックOFF,"24,904 YEN",,,yahooauction
https://buyee.jp/item/jdirectitems/auction/l1208926883,iPhoneSE（第3世代） 本体 SIMフリー 64GB 5G Touch ID 4.7型 箱あり 充電器なし,"10,500 YEN",,,yahooauction
https://buyee.jp/item/jdirectitems/auction/t1208993504,nubia S 5G ホワイト,"6,500 YEN",,,yahooauction
https://buyee.jp/item/jdirectitems/auction/r1208906886,ワイモバイル SHARP AQUOS wish4 A402SH 64GB アクオス アンドロイド Black ブラック 利用制限◯,"6,500 YEN",,,yahooauction
https://buyee.jp/item/jdirectitems/auction/d1208937374,motorola edge 40 イクリプスブラック 美品　おまけ付き,"18,000 YEN",,,yahooauction
https://buyee.jp/item/jdirectitems/auction/m1174701907,MD097 docomo GARAXY S IILTE SC-03D 判定◯,330 YEN,,,yahooauction
https://buyee.jp/item/jdirectitems/auction/p1208997142,iPhone 12 64GB,"19,000 YEN",,,yahooauction
https://buyee.jp/item/jdirectitems/auction/r1208947790,ラスト1個 新品！徹底サポート 位置偽装可能端末 4画面起動可 CMF Phone 1 無広告 ポケモンGO 8GB(+6GB～16GB) 128GB モンハンnow,"29,800 YEN",,,yahooauction
https://buyee.jp/item/jdirectitems/auction/e1208285686,docomo 【SIMロックなし】Android SO-52C Xperia 10 IV 128GB,"17,600 YEN",,,yahooauction
https://buyee.jp/item/jdirectitems/auction/m1209016913,Y!mobile 判定〇 Libero 5G IIZTE,"3,000 YEN",,,yahooauction
https://buyee.jp/item/jdirectitems/auction/x1203280911,Sony Xperia 1 III 256GB フロストブラック docomo SO-51B 白ロム 動作確認済【全額返金保証】【最速発送】,"27,500 YEN",,,yahooauction
https://buyee.jp/item/jdirectitems/auction/l1208988938,1121-1 IO-2 ASUS Zenfone 9 国内版 SIMフリー 8GB/128GB　サンセットレッド,"33,500 YEN",,,yahooauction
https://buyee.jp/item/jdirectitems/auction/p1209060977,【未使用品】 iPhone11 Pro 256GB SIMフリー ゴールド 新品未使用 本体のみ,"6,000 YEN",,,yahooauction
https://buyee.jp/item/jdirectitems/auction/l1208999278,iPhoneXR ブラック SIMフリー,"9,000 YEN",,,yahooauction
https://buyee.jp/item/jdirectitems/auction/v1209087058,SHARP AQUOS sense9 SH-M29 SIMフリー 6.1インチ メモリー6GB ストレージ128GB ブルー 新品,"42,980 YEN",,,yahooauction
https://buyee.jp/item/jdirectitems/auction/w1209041169,SIMフリー iPhoneXR 128GB Yellow シムフリー アイフォンXR iPhone XR イエロー 黄色 本体 docomo softbank SIMロックなし A2106 MT0Q2J/A,"17,000 YEN",,,yahooauction
https://buyee.jp/item/jdirectitems/auction/r1208254610,iPhone SE （第2世代）128GB ブラック,"9,800 YEN",,,yahooauction
https://buyee.jp/item/jdirectitems/auction/f1208395775,iPhone7 32GB ローズゴールド SIMフリー,"4,500 YEN",,,yahooauction
https://buyee.jp/item/jdirectitems/auction/f1209075164,iPhone7 SIMフリー ブラック Apple iPhone,"3,000 YEN",,,yahooauction
https://buyee.jp/item/jdirectitems/auction/c1208999662,Xperia 5 II au SIMロック解除済み SOG02,"9,000 YEN",,,yahooauction
