link,name,price,condition,explanation,source,original_title,preprocessed_title,brand,model_line,model_number,variant,ram,capacity,color
https://buyee.jp/mercari/item/m48604132463,iPhone16 512GB 超美品 SIMフリー,"138,000 yen",No obvious damages/dirt,iPhone16 512GB 超美品 SIMフリー ご覧いただきありがとうございます。 基本的にお手頃価格で出品しておりますので、値下げ交渉はご遠慮ください。場合によってはブロックする場合があります。 商品概要 ・iPhone16 512GB ・海外版のため、シャッター音が消せます ・完動品、eSIM専用、残債なし、SIMフリーのため、全キャリアでご利用可能 外観 全体的に綺麗な状態ですが、中古品であることをご理解ください。細部が気になる神経質な方はご購入をお控えいただければ幸いです 付属品 ・本体のみ 注意事項 eSIM専用機のため、物理SIMはご利用いただけません。 (物理SIMからeSIMへの変更も簡単。SIMカードを差し替える必要がなく、無くす心配もありません。) ・バッテリー容量：100% ・SIMロック解除済み ・日本国内全キャリア対応 ・動作確認済み ・ネットワーク制限なし シリーズ...その他,mercari,iPhone16 512GB 超美品 SIMフリー,iPhone16 512GB SIM,Apple,iPhone,16,,,512GB,
https://buyee.jp/mercari/item/m90150522378,美品 海外版 iPhoneSE3 第3世代 64GB スターライト,"38,000 yen",No obvious damages/dirt,美品 海外版 iPhoneSE3 第3世代 64GB スターライト iPhone SE 第3世代 64GB スターライト イギリス方面へ行ったときに購入したものだったかと思います 海外版のためマナーモード等でシャッター音が鳴らないモデルになります すぐガラスフィルムとカバーをつけ、自宅の着信専用端末として使っていたのでキズも見当たらずかなりキレイではないかと思います 買取り査定ではAランクでした バッテリーは購入時より交換していないですが最大容量は88%あるのでまだ使用できると思います 動作に不具合はないですが中古品となりますので新品同様のものをお求めの方はご遠慮いただければと思います 外装は写真にてご判断をお願いいたします,mercari,美品 海外版 iPhoneSE3 第3世代 64GB スターライト,iPhoneSE3 3 64GB,Apple,iPhone,SE,,,64GB,
https://buyee.jp/mercari/item/m35714574118,asus zenfone 10 128GB ブラック,"63,000 yen",No obvious damages/dirt,asus zenfone 10 128GB ブラック ご覧いただきありがとうございます。 2023年11月新品購入したものです。 細かな傷が全体にございますので、写真にてご確認ください。 端末内の診断ツールにより、各機能に問題がないことを確認しております。 スマートフォン カラー...ミッドナイトブラック 容量...128GB 機能不良...なし Zenfone Zenfone10 ASUS エイスース,mercari,asus zenfone 10 128GB ブラック,asus zenfone 10 128GB,ASUS,,,,,128GB,
https://buyee.jp/mercari/item/m45009090869,Apple iPhone 4S 16GB ホワイト MD239J/A,"2,990 yen",No obvious damages/dirt,Apple iPhone 4S 16GB ホワイト MD239J/A «匿名配送で送料無料です。コメントなし即購入大歓迎です！» 整理のため出品します。 他の商品はコチラ→ しばらく使うことなく保管していたモノです。 清掃・クリーニングしてなるべくキレイな状態でお渡しします♪ ■ 商品について Apple iPhone 4S 16GB ホワイト MD239J/A 写真に写っているモノが全てです。 起動確認済みです。 カメラ作動確認済みです。 充電確認済みです。 初期化済みです。 バッテリーの減りは、何もせず１日置くと5～10%くらい減ります。 画面上下が少し黄色っぽくなっています。 ホームボタンの効きが少し悪いかもしれません。 強く押すと反応します。 ※ソフトバンクのSIMロックがされていますのでご注意ください。 ■ 注意事項 当商品は、中古品です。 「中古品でも使えれば問題ない」という方にはお得な商品です。 ■ 発送について ゆうゆうメルカリ便で発送予定です。 基本的に２４時間以内に発送します！ ■ 梱包について 本体はビニール、プチプチに包んで丁寧に梱包させていただきす。,mercari,Apple iPhone 4S 16GB ホワイト MD239J/A,Apple iPhone 4S 16GB MD239J/A,Apple,iPhone,4,,16GB,16GB,
https://buyee.jp/mercari/item/m66800770453,【超美品】iPhone16 128GB ウルトラマリン　未使用保護ガラス付き,"104,500 yen",No obvious damages/dirt,"【超美品】iPhone16 128GB ウルトラマリン　未使用保護ガラス付き 超美品✨iPhone16 ホワイト128GB 傷等はなく外装も新品同様です‼️ ・出品時のバッテリー最大容量:99% ・Apple Storeにて一括購入のため 残債なし ・SIMフリー ・アクティベーション解除済 ※一式 箱　付属ケーブル未使用品付き 保護ガラスを付け手帳型ケースで使用していた為とてもきれいです 動作もカメラ機能も不具合等一切なし！ ※落下等もありません 角打ちキズ等も無し！ ✨超美品ですよー アルコール消毒を行い、純正箱に入れ梱包の上 初期化、アクティベーションロックを解除して発送いたします。 シリーズ···iPhone 機種名···iPhone 16 スマートフォン カラー···ウルトラマリン 容量···128GB 購入したキャリア···その他 付属品···充電ケーブル,箱 バッテリー最大容量···99% 画面割れ···なし 機能不良···なし IMEI ···356479198124535",mercari,【超美品】iPhone16 128GB ウルトラマリン　未使用保護ガラス付き,iPhone16 128GB,Apple,iPhone,16,,,128GB,
https://buyee.jp/mercari/item/m25630413051,Redmi Note 14 ミッドナイトブラック 6GB/128GB,"17,000 yen",Close to unused,Redmi Note 14 ミッドナイトブラック 6GB/128GB グローバル版です。メルカリで新品購入しましたが、使用しないので出品します。ガラスフィルム装着済みです。 108MP AIカメラと5500mAhバッテリーを搭載したスマートフォン。 - モデル名: Redmi Note 14 - カメラ: 108MP AIカメラ - バッテリー容量: 5500mAh (typ) - RAM: 6GB - ROM: 128GB - カラー: ミッドナイトブラック ご覧いただきありがとうございます。 シリーズ...その他,mercari,Redmi Note 14 ミッドナイトブラック 6GB/128GB,Redmi Note 14 6GB/128GB,Xiaomi,Redmi,Note 14,,6GB,128GB,Red
https://buyee.jp/mercari/item/m77112066309,Apple iPhone 14 SIMフリー 本体 128GB,"55,999 yen",No obvious damages/dirt,Apple iPhone 14 SIMフリー 本体 128GB Apple iPhone 14 SIMフリー 本体 128GB 機種名···iPhone 14 スマートフォン カラー···ミッドナイト 容量···128GB バッテリー最大容量···77% Appleオンラインショップで新品購入し、使用していました。 大きな割れなどはありませんが、通常使用による細かい傷や使用感はあります。 普通に使用できます。 Lightningケーブルも付属しますが、使用品になりますので写真をご確認下さい。 中古品になりますので、神経質な方はお控え下さい iPhoneが届いた段ボールでお送りいたします。 #iPhone14 #iPhone,mercari,Apple iPhone 14 SIMフリー 本体 128GB,Apple iPhone 14 SIM 128GB,Apple,iPhone,14,,,128GB,
https://buyee.jp/mercari/item/m25847902273,simフリースマホ,"4,500 yen",A little damaged/dirty,simフリースマホ シリーズ...AQUOS 機種名...AQUOS sense lite スマートフォン カラー...ブラック 容量...32GB,mercari,simフリースマホ,sim,,,,,,,
https://buyee.jp/mercari/item/m42457356977,【新品未開封】iPhone17pro 512GB　ディープブルー　SIMフリー,"239,999 yen",New/Unused,【新品未開封】iPhone17pro 512GB　ディープブルー　SIMフリー ✨✨フォロー割で1000円引き致します✨✨ ✳️その他のお値引きは出来かねます。 【新品未開封】 国内製品 シリーズ···iPhone 機種名···iPhone 17 Pro スマートフォン カラー···ディープブルー 容量···512GB SIMフリー 10月にアップルストアから購入しましたが使わないので出品します。,mercari,【新品未開封】iPhone17pro 512GB　ディープブルー　SIMフリー,iPhone17pro 512GB SIM,Apple,iPhone,17,,,512GB,
https://buyee.jp/mercari/item/m78817082575,【美品】iPhone6s スペースグレイ 16GB 79%,"5,100 yen",No obvious damages/dirt,【美品】iPhone6s スペースグレイ 16GB 79% iOS15.8.5 ※SIMフリー au◯ AirDrop、外カメ、内カメ問題無し Wi-Fi◯、BluetoothON◯、Apple ID◯、カメラ◯、スピーカー◯、マイク◯、イヤホン◯、Touch ID◯、AirDrop◯、ボタン類◯、ライト◯、充電◯ ※ジャンク扱い 古い機種の為、 若干小傷有り、 モバイル通信、アプリインストール確認はしていません（こちらが必須の方は自己責任でお願い致します）、 SIMの確認もしておりません。メインスマホには推奨しません。 あくまでもサブとしてお考え下さい。SIMを使う場合自己責任でお願いします。 ※アクティベーションロック解除済み、 初期化、アクティベート確認済み。 利用制限無し。 ※本体のみ。付属品無し。 ゆうゆうメルカリ便↔︎らくらくメルカリ便変更可能。 ※※※値下げ不可※※※ 18時までは即日発送。（以降は日によります）,mercari,【美品】iPhone6s スペースグレイ 16GB 79%,iPhone6s 16GB 79%,Apple,iPhone,6,,16GB,16GB,
https://buyee.jp/mercari/item/m56161844359,Apple iPhone 6s Plus 64GB ゴールド,"6,900 yen",No obvious damages/dirt,Apple iPhone 6s Plus 64GB ゴールド シリーズ:iPhone 機種名:iPhone 6s Plus カラー:Gold 容量:64 GB 購入したキャリア:docomo 付属品:なし 商品の状態:傷や汚れあり　画面割れはありません その他:画面保護フィルムあり バッテリー最大容量···79%以下 スマートフォン カラー···ゴールド 容量···64GB,mercari,Apple iPhone 6s Plus 64GB ゴールド,Apple iPhone 6s Plus 64GB,Apple,iPhone,6,Plus,,64GB,
https://buyee.jp/mercari/item/m75379525148,iPhone13 128GB スターライト SIMフリー ガラスフィルム付き,"40,000 yen",No obvious damages/dirt,iPhone13 128GB スターライト SIMフリー ガラスフィルム付き hone 13 スターライト 128GB バッテリー最大容量74% SIMフリー 充電ケーブル無し 購入後常にフィルム、ケースをして使用していた為綺麗な状態だと思います。 写真の追加、質問等ございましたらお気軽にお声かげ下さい☺︎ 高価なお取引の為購入前にメッセージ頂けますと幸いです。 値下げ✖️ 付属品···箱 バッテリー最大容量···79%以下 画面割れ···なし 機能不良···なし スマートフォン カラー···スターライト 容量···128GB,mercari,iPhone13 128GB スターライト SIMフリー ガラスフィルム付き,iPhone13 128GB SIM,Apple,iPhone,13,,,128GB,
https://buyee.jp/mercari/item/m11865179023,【訳あり】iPhone 7 シルバー 128GB,"8,000 yen",A little damaged/dirty,【訳あり】iPhone 7 シルバー 128GB 4.7インチのiPhone 7、シルバー、透明ケース付き。 - モデル: iPhone 7 - 色: シルバー - 状態: 透明ケース付き - 画面サイズ: 4.7インチ - 背面素材: アルミニウム ご覧いただきありがとうございます。 シリーズ···iPhone 機種名···iPhone 7 スマートフォン カラー···シルバー 容量···128GB 訳あり理由 画面の修復歴あり（純正中古品）、フリマで購入したので詳細は不明ですが、タッチIDは使えました。 その他、全ての機能は試していませんが、通常の使用は問題ないようですが、ジャンク扱いとして下さい。気になる方はご遠慮下さい。 クレーム、返品は一切お断りします。 全体的には比較的きれいだと思います。 背面に擦れた傷があります。 画面割れはありません。 バッテリー容量71% Simロック解除済み 付属品なし アクティベーション解除、初期化にてカバーと画面フィルム付きのまま発送します。,mercari,【訳あり】iPhone 7 シルバー 128GB,iPhone 7 128GB,Apple,iPhone,7,,,128GB,
https://buyee.jp/mercari/item/m25003343160,ジャンク品 Iphone 11 256gb,"18,500 yen",A little damaged/dirty,ジャンク品 Iphone 11 256gb シリーズ···iPhone 機種名···iPhone 11 スマートフォン カラー···レッド 容量···256GB 画面に小さな黒い縞が表示されますが、機能は正常に動作し続けます。 電池を交換しました 使用に伴い商品本体に多少のダメージがございます。(すべての写真を見る) 取引中のトラブルを避けるため、返品や返金はお受けしておりません。,mercari,ジャンク品 Iphone 11 256gb,iPhone 11 256gb,Apple,iPhone,11,,,256GB,
https://buyee.jp/mercari/item/m59766702999,Samsung Galaxy A56 5G 8GB/256GB 新品未開封,"57,999 yen",New/Unused,Samsung Galaxy A56 5G 8GB/256GB 新品未開封 ご覧いただきありがとうございます。 商品説明、プロフィールをご覧の上ご購入お願いします！ 最終値下げ 新品未開封 シュリンク付き Galaxy A56 5G ブラックです。 新品の画面保護フィルム1枚とクリアケース、20wのtype-c充電器をお付けします。 2025.10正規代理店 一括購入で残債なし 購入後24時間以内に発送いたします。 気になることがございましたら購入前にコメントください。 グローバル版で日本語設定、GooglePlayStoreでのアプリダウンロードなど全て対応しております。 もちろん海外simもお使いいただけます。 デュアルSIMに対応しているため、2社の回線を同時にご利用いただけます。 大手通信のau.softbank.docomoはもちろん、楽天モバイルや格安SIM、全ての通信会社のSIMがご利用いただけます。 また、6回のOSアップデートが保証されており、長期間にわたって安心してご利用いただけます。 IP67防水防塵対応で、水回りでの使用や雨の日でも安心してご利用いただけます。 購入後の設定など分からないところありましたら、私のわかる範囲でサポートいたします。 【スペック】 CPU：Exynos 1580 メモリ：8GB ストレージ：256GB バッテリー：5000mAh AI：Awesome Intelligence 色: ブラック(Awesome Graphite) 製造国: Vietnam 【ディスプレイ】 6.7インチ Super AMOLED 解像度︰2340×1080 19.5:9 FHD+ リフレッシュレート︰120Hz Gorilla Glass Victus+ 【カメラ】 広角︰5000万画素 望遠︰1200万画素 マクロ︰500万画素 フロント︰1200万画素 バッテリー最大容量···100% IMEI (製造番号)···358539851531454 画面割れ···なし 機能不良···なし,mercari,Samsung Galaxy A56 5G 8GB/256GB 新品未開封,Samsung Galaxy A56 5G 8GB/256GB,Samsung,Galaxy,A56,,8GB,256GB,
https://buyee.jp/mercari/item/m79894949159,Apple iPhone11 128GB PRODUCT(RRD)SIMフリー,"23,000 yen",No obvious damages/dirt,Apple iPhone11 128GB PRODUCT(RRD)SIMフリー 128GBのストレージを持つPRODUCT(RED)のiPhone 11  付属品イヤホン - モデル: iPhone11 - ストレージ: 128GB - 色: PRODUCT(RED) - 付属品: イヤフォン、ケーブル、箱 購入後、ガラスフィルム、ケース使用。 バッテリー最大容量74% 購入したキャリア···Softbank ご覧頂きありがとうございます。 詳細は出品写真よりご確認下さい。,mercari,Apple iPhone11 128GB PRODUCT(RRD)SIMフリー,Apple iPhone11 128GB PRODUCT(RRD)SIM,Apple,iPhone,11,,,128GB,
https://buyee.jp/mercari/item/m25097892119,Apple iPhone 12 ホワイト 本体 充電ケーブル付き,"24,500 yen",No obvious damages/dirt,Apple iPhone 12 ホワイト 本体 充電ケーブル付き iPhone12 元箱、充電ケーブル付(未使用) 機種名···iPhone 12 カラー···ホワイト 容量···128GB バッテリー容量…77% IMEI…35 404764 008740 2 SIMロックなし アクティベーションロック解除済み 初期化済み 写真ほどは目立ちませんが画面上部に小傷がありますので、2枚目の写真をご確認ください。ほぼ分からない程度ですが気になる方はご遠慮下さい。 機種名···iPhone 12 スマートフォン カラー···ホワイト 容量···128GB,mercari,Apple iPhone 12 ホワイト 本体 充電ケーブル付き,Apple iPhone 12,Apple,iPhone,12,,,,
https://buyee.jp/mercari/item/m71185463270,iPhone 12 mini 128GB PRODUCT(RED)本体のみ,"17,000 yen",Damaged/dirty,iPhone 12 mini 128GB PRODUCT(RED)本体のみ iPhone 12 mini、128GB、PRODUCT(RED)カラー。 - モデル: iPhone 12 mini - ストレージ容量: 128GB - 色: PRODUCT(RED) ジャンク品扱い 理由＝画面が少し浮いている ＝ネットワーク利用制限登録がない！ 「しかしちゃんと使えております」 ＝Face IDが使えません 以下のジャンク理由です ご覧いただきありがとうございます。 シリーズ···iPhone 機種名···iPhone 12 mini スマートフォン カラー···レッド 容量···128GB,mercari,iPhone 12 mini 128GB PRODUCT(RED)本体のみ,iPhone 12 mini 128GB PRODUCT(RED),Apple,iPhone,12,mini,,128GB,Red
https://buyee.jp/mercari/item/m66675024034,Apple iPhone 13 ProMax 256GB Sierra Blue,"68,000 yen",No obvious damages/dirt,"Apple iPhone 13 ProMax 256GB Sierra Blue ご覧いただきありがとうございます。 iphone 13 Pro Max 256GB カラーはシエラブルー バッテリー容量は、82%でした。 カバー及びガラスフィルムを使用し利用していました。 本体右上の背面側に僅かですが傷があります。 お値引き交渉はお受けいたしませんので、コメントに記載されても対応できかねます。 また、10月末までの限定出品となります。 期間満了後、出品を取り下げいたします。 Sierra BlueのiPhone 13 Pro Max、256GBストレージ、充電ケーブル付属。 - モデル名: iPhone 13 Pro Max - カラー: Sierra Blue - ストレージ: 256GB - 付属品: 充電ケーブル、SIMピン シリーズ···iPhone 機種名···iPhone 13 Pro Max スマートフォン カラー···シエラブルー 容量···256GB バッテリー最大容量···80～84％ 画面割れ···なし 機能不良···なし 付属品···充電ケーブル,箱 購入したキャリア···SIMフリー",mercari,Apple iPhone 13 ProMax 256GB Sierra Blue,Apple iPhone 13 ProMax 256GB Sierra Blue,Apple,iPhone,13,,,256GB,Blue
https://buyee.jp/mercari/item/m16689375014,iPhone SE3 第3世代 128GB スターライトApple iphone,"43,400 yen",No obvious damages/dirt,iPhone SE3 第3世代 128GB スターライトApple iphone iphoneSE3（第3世代）　128GB simフリー apple Apple 美品　【あんしんデータ消去】 他にも多数出品しています！ぜひご覧ください★ #iPhone・iPad本体等：出品者良品マーケット シリーズ···iPhone 機種名···iPhone SE (第3世代) スマートフォンカラー···スターライト 容量···128GB 画面割れ···なし 機能不良···なし バッテリー残量83%（お写真3枚目参照、出品前の最終確認、【あんしんデータ消去】作業により82%になることもあり得ますので、予めご了承頂ける方のみご購入ください。） ネットワーク利用制限なし SIMロック 解除済み iPhoneを探す オフ アクティベーションロック 解除済み 付属品　お写真1枚目の通り揃っています。 ※お値引き不可の売り切り価格です。 購入後直ぐに、ガラスフィルムと手帳型カバーケースを装着して非常に大切に使用しておりました。 目視する限り、画面割れや傷等はなくきれいな状態だと思いますが、見落としの傷等がある場合もありますので、状態を【目立った傷や汚れなし】にしています。 ガラスフィルムは、特に取り外し等のご希望がなければ、装着した状態で送付させて頂きます。 ガラスフィルムも目視ではきれいな状態ですが使用感はあるとは思いますので、あくまでもサービス品としてお考えください。 simピン等の付属品や箱は、お写真2枚目のとおり揃っていますので、ご購入者様が将来買取ショップに持ち込まれる時も付属品や箱がないことによる査定金額の減額もありませんので、その点もご安心してご購入頂けると思います。 出品にあたり正常に動作することを確認しておりますが、発送直前に再度の動作確認を行います。 出品者の費用負担により、メルカリの【あんしんデータ消去】を利用して、専門業者による初期化、データ消去等の確認も行いますので、安心してご購入頂けると思います。 【クロネコヤマト営業所まで持ち込み、らくらくメルカリ便で発送します。梱包から持ち込み発送まで全ての過程を動画撮影して発送します。】 【フリマアプリ対応の弁護士費用保険に加入しています。丁寧◦誠実にお取引を行いますので安心してお取引ください。詐欺等の悪質な行為に対しては、民事•刑事について弁護士対応を依頼します。】,mercari,iPhone SE3 第3世代 128GB スターライトApple iphone,iPhone SE3 3 128GB Apple iPhone,Apple,iPhone,SE,,,128GB,
https://buyee.jp/mercari/item/m56844866158,໒꒱i Phone SE3 128GB simフリー,"33,333 yen",No obvious damages/dirt,"໒꒱i Phone SE3 128GB simフリー ୨୧┈┈┈┈┈┈┈┈┈┈┈┈┈┈┈┈┈┈୨୧ iPhone SE (第3世代)のPRODUCT(RED)モデル、バッテリー最大容量81% - モデル: iPhone SE (第3世代) - 色: PRODUCT(RED) - 容量:128GB - 付属品: - バッテリー最大容量: 81% - 状態: 良好 ケース&ガラスフィルムを着用していました 本体に通常使用による 細かいキズは有りますが 大きなキズはありません(写真添付) カメラ機能にも問題はありません 機種変更したためこちらを出品いたしますꕤ︎︎·͜· 中古品であることにご理解をいただける方の ご購入をお待ちしておりますꕤ︎︎·͜· ︎︎ 容量···128GB 購入したキャリア···SIMフリー 付属品···説明書,箱 Appleシール,SiMピン バッテリー最大容量···80～84％ 画面割れ···なし 機能不良···なし #iPhonese #第3世代 #128gb",mercari,໒꒱i Phone SE3 128GB simフリー,໒ i Phone SE3 128GB sim,,,,,,128GB,
https://buyee.jp/mercari/item/m28262916942,iPhoneSE 第2世代 128GB レッド SIMフリー,"11,500 yen",No obvious damages/dirt,iPhoneSE 第2世代 128GB レッド SIMフリー iPhoneSE 第2世代 128 レッドSIMフリー 状態は画面に細かい傷があります。バッテリーに修理表記が出ておりますのでジャンク品として出品いたします。あくまでも中古品ですのでご理解いただける方のみご購入よろしくお願いします。 最大容量76% シリーズ···iPhone 容量···128GB 機種名···iPhone SE 第2世代 (SE2) スマートフォン カラー···レッド バッテリー最大容量···79%以下,mercari,iPhoneSE 第2世代 128GB レッド SIMフリー,iPhoneSE 2 128GB SIM,Apple,iPhone,SE,,,128GB,
https://buyee.jp/mercari/item/m89633819966,スマホ Apple iPhone Xs シルバー 本体,"14,000 yen",A little damaged/dirty,スマホ Apple iPhone Xs シルバー 本体 iPhone Xs シルバー 256GB、バッテリー78％ 画面の角(左下)に欠けがありますが、操作等に問題はありません。普通に使えますが、バッテリーの減りが早いです。 画面の傷は保護フィルム上のもので、 フィルムについては購入者様で交換をお願いいたします。 動作確認済みで、初期化済みです。 中古品のためご理解のある方のご購入をお願いいたします。 かなり値下げしております。 ご覧いただきありがとうございます。 画面割れ···あり 機能不良···なし,mercari,スマホ Apple iPhone Xs シルバー 本体,Apple iPhone Xs,Apple,iPhone,Xs,,,,
https://buyee.jp/mercari/item/m92422266291,美品！iPhone13Pro 256GB アルパイングリーン➕液晶フィルム付,"65,600 yen",No obvious damages/dirt,美品！iPhone13Pro 256GB アルパイングリーン➕液晶フィルム付 見て頂きありがとうございます！ こちらの商品は、iPhone 13 Pro アルパイングリーン 256GB 中古となります。 iPhoneを新規で購入したため出品します！ 特に不具合や気になる傷もなく美品だと思います！ ライトニング差口に多少の小傷があります、写真をご確認下さい。 あくまでも中古品となりますので神経質な方はご遠慮下さい。 ※値下げ不可 ※現在付けている液晶フィルムとカメラフィルムを付けた状態の発送となります ※添付写真は液晶フィルムとカメラフィルムは付けないで撮影してます /詳細は添付画をご確認下さい /付属品···箱、SIMピン、説明書、液晶フィルム枚、カメラフィルム1枚,mercari,美品！iPhone13Pro 256GB アルパイングリーン➕液晶フィルム付,!iPhone13Pro 256GB,Apple,iPhone,13,,,256GB,
https://buyee.jp/mercari/item/m69695650188,Apple iPhone 13 Pro MAX,"70,000 yen",No obvious damages/dirt,"Apple iPhone 13 Pro MAX バッテリーはApple storeで交換しました、今まで最大容量94%です。 画面はLCD画面を交換しました 他の機能は問題ないです！ 本体は少し小さい傷があります、写真でご確認ください。 中古品なので、ご理解いただける方はご購入どうぞ。 返品不可です。 ご覧いただきありがとうございます。 シリーズ···iPhone 機種名···iPhone 13 Pro Max スマートフォン カラー···アルパイングリーン 容量···128GB 付属品···説明書,箱 バッテリー最大容量···90~94% 画面割れ···なし 機能不良···なし シリーズ···iPhone 機種名···iPhone 13 Pro Max スマートフォン カラー···アルパイングリーン 容量···128GB 、画面の下の方に点と明るくなっているところあり",mercari,Apple iPhone 13 Pro MAX,Apple iPhone 13 Pro MAX,Apple,iPhone,13,Pro Max,,,
https://buyee.jp/mercari/item/m85597462577,Apple iPhone 12 青,"24,000 yen",No obvious damages/dirt,Apple iPhone 12 青 Apple iPhone 12の青色モデル、デュアルカメラ搭載で高性能。 - ブランド: Apple - モデル名: iPhone 12 - 色: 青 - カメラ: デュアルカメラ ご覧いただきありがとうございます。 写真のように傷が少しあります。 箱もついてます。 バッテリー最大容量87% シリーズ···iPhone 機種名···iPhone 12 カラー···ブルー 容量···64GB,mercari,Apple iPhone 12 青,Apple iPhone 12,Apple,iPhone,12,,,,
https://buyee.jp/mercari/item/m83685851945,iPhone 12 Pro SIMフリー 128GB ジャンク,"32,000 yen",In bad condition overall,iPhone 12 Pro SIMフリー 128GB ジャンク 値下げ不可 本体のみ、背面割れあり、修理歴無し 一通り動作確認した限りでは不具合はありませんでした SIM読み取りは問題ありませんが浴室で使用することもあった為か水没マークが赤くなっている点と細かい動作確認ができていない為ジャンク品として出品します、返品の際は購入者の送料負担でお願いします IMEI 356686115998540 SIMフリー ゆうパケットポストでの発送になります,mercari,iPhone 12 Pro SIMフリー 128GB ジャンク,iPhone 12 Pro SIM 128GB,Apple,iPhone,12,Pro,,128GB,
https://buyee.jp/mercari/item/m21062113172,Apple iPhone XR オレンジ 128GB,"16,000 yen",A little damaged/dirty,Apple iPhone XR オレンジ 128GB オレンジのiPhone XR、バッテリー最大容量80%。 - モデル: iPhone XR - 色: オレンジ - バッテリー最大容量: 80% ご覧いただきありがとうございます。 購入したキャリア···Softbank バッテリー最大容量···80～84％ 画面割れ···なし 機能不良···なし シリーズ···iPhone 機種名···iPhone XR スマートフォン カラー···コーラル 容量···128GB,mercari,Apple iPhone XR オレンジ 128GB,Apple iPhone XR 128GB,Apple,iPhone,XR,,,128GB,
https://buyee.jp/mercari/item/m79673106182,iPhone13 ブラック　256GB SIMフリー,"46,666 yen",No obvious damages/dirt,iPhone13 ブラック　256GB SIMフリー Apple iPhone 13、6.1インチのブラックモデル。 - ブランド: Apple - モデル: iPhone 13 - カラー: ブラック - 画面サイズ: 6.1インチ - SIMフリー - バッテリー残量:74% - カラー:ミッドナイト 容量···256GB 細かな傷ございます。割れはなしです。 全て写真の通りです。 動作やカメラ等全く問題ございません。 発送する際は初期化してお送りさせていただきます。 新しいiPhoneを購入したので、手放すことにしました。 ぜひご検討よろしくお願いします✽,mercari,iPhone13 ブラック　256GB SIMフリー,iPhone13 256GB SIM,Apple,iPhone,13,,,256GB,
https://buyee.jp/mercari/item/m41451069057,【simフリー】 iPhone 15 pro 128GB,"120,000 yen",No obvious damages/dirt,【simフリー】 iPhone 15 pro 128GB 2年前に購入し、ケースと保護フィルムを付けて使用していたため、傷はほとんどありません。 ※側面に取れないケースのシミが少しあります。 付属品は使用しておらず全て揃っています。 おまけで未使用のレンズフィルム2枚をお付けします。 初期化し、ガラスフィルムは剥がして発送します。 端末は一括購入しており、残債はありません。 付属品 typecケーブル/simピン/レンズフィルム バッテリー容量 87%(2025/10/27時点) シリーズ···iPhone 機種名···iPhone 15 Pro スマートフォン カラー···ブルーチタニウム 容量···128GB,mercari,【simフリー】 iPhone 15 pro 128GB,sim iPhone 15 pro 128GB,Apple,iPhone,15,Pro,,128GB,
https://buyee.jp/mercari/item/m67136307395,iPhone 12Pro グラファイト 256GB 傷あり 中古品,"35,000 yen",Damaged/dirty,"iPhone 12Pro グラファイト 256GB 傷あり 中古品 iPhone 12 Pro グラファイト 256GB 傷あり SIMフリー バッテリー最大容量64% 新品にて購入後、4年ほど使用していました。 機種変更に伴い出品となります。 本体周囲、縁に小傷や目立つ傷が入っている場合があります。(画像4-7枚目参照) 本体の角はいずれも傷があります。(画像8-15枚目参照) またカメラも1番上の広角カメラレンズに傷、割れがあります。(画像16枚目参照) 本体画面の割れはありません。 画面割れ・傷防止のため、使用していたガラスフィルムは貼り付けた状態で梱包いたします。 新品購入時に付属していたC to Lightningケーブルは付属いたしません。 付属品につきましては画像17枚目を参照ください。 本体情報につきましては画像18-20枚目を参照ください。 画像18-20枚目を確認した後に初期化しております。 10/1頃まで使用していましたが、それまではバッテリーの減りは早いものの問題なく使用出来ていたかと思います。 稀に浴室に持ち込み使用した事もございますので、それらによる動作不良や、 経年劣化等による不具合・動作不良が起きる可能性がありますので、 それをご理解いただける方のみご購入ください。 人が長期間使用していたものになりますので、完全なる中古品となります。 そちらを踏まえご納得いただける方のみご購入をお願いいたします。 購入後のクレーム、返品には対応致しかねますのでご了承ください。 即購入可 交渉による値下げ可 希望価格提示ください。 シリーズ···iPhone 機種名···iPhone 12 pro スマートフォン カラー···グラファイト 容量···256GB 購入したキャリア···docomo 購入したキャリア···SIMフリー 付属品···説明書,箱 バッテリー最大容量···79%以下 画面割れ···なし 機能不良···なし",mercari,iPhone 12Pro グラファイト 256GB 傷あり 中古品,iPhone 12Pro 256GB,Apple,iPhone,12,,,256GB,
https://buyee.jp/mercari/item/m20871285690,Apple iPhone 12 red 赤　128GB 箱あり,"19,999 yen",No obvious damages/dirt,Apple iPhone 12 red 赤　128GB 箱あり 鮮やかな赤色のiPhone 12 - モデル: iPhone 12 - 色: 赤 ご覧いただきありがとうございます。 シリーズ···iPhone 機種名···iPhone 12 スマートフォン カラー···レッド 容量···128GB この度iPhone17に変えたため出品いたします。 画面は割れておらず、カメラ側面に傷がございますが特に問題ありません。 また、ご希望であれば箱をお付けいたします。 ※質問等あればお答えいたしますのでお気軽にどうぞどうぞ☺︎,mercari,Apple iPhone 12 red 赤　128GB 箱あり,Apple iPhone 12 red 128GB,Apple,iPhone,12,,,128GB,Red
https://buyee.jp/mercari/item/m70441137814,【新品・未開封】Samsung Galaxy A25 5G 本体　ブルー,"13,750 yen",New/Unused,【新品・未開封】Samsung Galaxy A25 5G 本体　ブルー 5G対応の青いSamsung Galaxy A25。 - ブランド: Samsung - モデル名: Galaxy A25 5G - 色: ブルー - Wi-Fi: 対応 ご覧いただきありがとうございます。 シリーズ...Galaxy 機種名...Galaxy A25 5G スマートフォン カラー...ブルー 容量...64GB IMEI (製造番号)...351781756827820,mercari,【新品・未開封】Samsung Galaxy A25 5G 本体　ブルー,Samsung Galaxy A25 5G,Samsung,Galaxy,A25,,,,
https://buyee.jp/mercari/item/m31582133362,iPhone 13mini（ブルー）本体•充電コード•ケース•箱,"30,980 yen",Damaged/dirty,iPhone 13mini（ブルー）本体•充電コード•ケース•箱 ご覧いただきありがとうございます！ 画面に傷が入っていて、アップした写真が画像5枚目にあります。 画面の操作には影響ありません。 ①未使用のケース ②充電コード（ライトニング-タイプC、非純正） ③箱（ちょっと汚れ） をおつけします。 バッテリーは最近修理店で交換したため、 最大容量は100%です - モデル: iPhone 13 - 色: ブルー - 状態: 画面に傷あり - カメラ: デュアルカメラ シリーズ···iPhone 機種名···iPhone 13 mini スマートフォン カラー···ブルー 容量···128GB,mercari,iPhone 13mini（ブルー）本体•充電コード•ケース•箱,iPhone 13mini( ) • • •,Apple,iPhone,13,,,,
https://buyee.jp/mercari/item/m92610827082,Apple iPhone 6 16GB シルバー バッテリー90% スマホ,"3,300 yen",A little damaged/dirty,Apple iPhone 6 16GB シルバー バッテリー90% スマホ ご覧いただきありがとうございます ・容量：16GB ・IMEI：35 202507 8069417 ・利用制限：SoftBank ◯ ・OSバージョン：12.1 商品状態 ・画面割れがございます。(タッチ操作に支障なし) ・バッテリー最大容量90% ※バッテリーは消耗品の為多少数値が前後する可能性がございます。 動作 Wi-Fiでの通信、タッチ操作、カメラの使用、生体認証(Touch ID )など基本的な動作を確認し不具合が認められる箇所はありませんでした。 撮影した写真をAirDropにて現行のiPhoneに転送する事も出来ました。 一通り動作確認をし問題無く動作していますが、画面割れがあるなる為保証なし(ジャンク品)の現状品とさせて頂きます。 発送の際は初期化とアクティベーションロックの解除を行います。 付属品 ・本体のみ 商品について ・商品の状態はしっかりと表記しているつもりですが、あくまでも素人のため、すべてを表記し切れていない場合があるかもしれません。 ・ジャンク品として出品している商品は何かしらの箇所に問題があるため「壊れ物」という扱いになります。その為動作保証がございませんのでご了承の上ご購入下さい。また動作確認が出来ている物でも記載の動作を保証する物ではございません。 ・スマートフォンやタブレットで経年劣化による軽度のバックライト輝度落ち、黄ばみ、通常の使用に耐えうる程度の輝度ムラがある場合がございます。 •バッテリーは消耗品の為持ち時間に関する保証はございません。 ・スマートフォンの動作確認は基本的に端末標準のアプリで確認しているのでサードパーティ製アプリなどの動作保証は致しかねます。 値下げ交渉について ・商品の値段次第で若干の値下げ交渉なら受けることがありますが、常識のない額の値下げ交渉はすべて断らせていただきます。 発送について ・基本的に購入当日〜翌々日以内に発送いたします。万が一遅くなる場合は連絡致します。 お願い ・受取評価は到着日〜翌日中にお願いします。 ・返品・キャンセルは不備、不良があった場合(ただしジャンク品として出品しているものは除く)のみ対応します。自己都合の返品・キャンセルはお受けできません。 ・ジャンク品は動作保証のない商品となる為いかなる場合でも返品不可です。 バッテリー最大容量···90~94%,mercari,Apple iPhone 6 16GB シルバー バッテリー90% スマホ,Apple iPhone 6 16GB 90%,Apple,iPhone,6,,16GB,16GB,
https://buyee.jp/mercari/item/m91004551308,超美品 Samsung Galaxy Z Flip5 本体 クリーム,"68,980 yen",Close to unused,超美品 Samsung Galaxy Z Flip5 本体 クリーム samsung  galaxy z flip 5のクリーム256GB simフリー国内版です。 一年半ほど前に購入し、AUにて外装と液晶の交換を行ったため、外観や液晶は新品そのものです。 動作不良や折りたたみ動作に問題はありません。 SIMピンと未使用品ケーブル付属、 元々の箱に入れて出荷します。 【 端末詳細 】 ★ 端末区分：中古品。 ★ 機種：Samsung Galaxy Z Flip5 256GB ★ IMEI：353380140216036 ★ 型番：SCG23 AUモデル ★ キャリア：SIMフリー ★ カラー：クリーム ★ 付属品：箱、ケーブルあり ★ 動作不良：なし ★ 外装ランク：A（超美品） ★ 外装詳細：カメラ枠に擦りキズ、レンズは問題なし。 【 ご購入における注意点 】 ★ 商品説明欄に記入した注意事項での返品対応はお断りさせていただきます。商品の動作確認は当店が責任を持って行っておりますので、ご安心ください。 ★ 商品の配送は、全てヤマト運輸の宅急便コンパクトまたは宅急便を利用して行います。配送方法の指定は受け付けておりません。なお、送料は全国一律0円となっております。 シリーズ···Galaxy 機種名···Galaxy Z Flip5 スマートフォン カラー···クリーム 容量···256GB,mercari,超美品 Samsung Galaxy Z Flip5 本体 クリーム,Samsung Galaxy Z Flip5,Samsung,,,,,,
https://buyee.jp/mercari/item/m68352527665,【値下げ可】iPhone 12 mini ホワイト128GB SIMフリー,"23,000 yen",A little damaged/dirty,【値下げ可】iPhone 12 mini ホワイト128GB SIMフリー iPhone 12 mini 128GB SIMフリー ホワイト 即購入◯ すぐに発送 SIMロックなし　解除済み◯ ネットワーク利用制限なし　確認済み◯ 初期化済み◯ アクティベーションロック解除済み◯ 液晶ひび割れありますが、タッチ操作、Face ID(顔認証)、通話、キーボードなど動作に問題はありません！ ⚠︎バッテリー最大容量　72% ⚠︎液晶前面にひび割れあり ⚠︎カメラピントが合いずらい ⚠︎側面少し傷あり　写真6-7枚目 ⚠︎本体(希望でケーブルも)のみ、箱や説明書× 約4年ほど使用したため、上記に加えて中古品であることご理解いただける方のみご購入お願いします。 返品、クレーム等対応致しません。 希望であれば充電ケーブル付けます！✨ その他質問や、写真等リクエストあればコメントしてください！,mercari,【値下げ可】iPhone 12 mini ホワイト128GB SIMフリー,iPhone 12 mini 128GB SIM,Apple,iPhone,12,mini,,128GB,
https://buyee.jp/mercari/item/m15826812950,Apple iPhone 14 Pro 256GBシルバー SIMフリー,"69,999 yen",A little damaged/dirty,"Apple iPhone 14 Pro 256GBシルバー SIMフリー iPhone 14 Pro 本体　シルバー　256GB 初期化済み ご覧いただきありがとうございます。 アップルストアで購入し約3年間使用しました。 大きな傷や画面の割れなどはありませんが、通常使用による使用感はございます。 大きな落下もございません。 動作不良もなくカメラも良好です。 ・バッテリー最大容量75% ・修復歴はありません。 ・付属品は下記の通りです。 （取説、リンゴシール） すり替えトラブル防止のため返品はご遠慮願います。 ※中古品である事をご理解のある方のみお願いします。 シリーズ···iPhone 機種名···iPhone 14 Pro スマートフォン カラー···シルバー 容量···256GB 付属品···説明書,箱 画面割れ···なし 機能不良···なし",mercari,Apple iPhone 14 Pro 256GBシルバー SIMフリー,Apple iPhone 14 Pro 256GB SIM,Apple,iPhone,14,Pro,,256GB,
https://buyee.jp/mercari/item/m27516471134,iPhone16 128gb simフリー,"97,000 yen",A little damaged/dirty,iPhone16 128gb simフリー シリーズ···iPhone 機種名···iPhone 16 スマートフォン カラー···ウルトラマリン 容量···128GB 最大充電容量　92% ガラスフィルム、本体に傷があります。 ご理解の上、ご購入お願いいたします。,mercari,iPhone16 128gb simフリー,iPhone16 128gb sim,Apple,iPhone,16,,,128GB,
https://buyee.jp/rakuma/item/4e1870c2c8344618901bb3d06efac5d2?conversionType=service_page_search,【新品未開封】iPhone17pro 512GB ブルー　SIMフリー,"239,999 YEN",New/Unused,✨✨フォロー割で1000円引き致します✨✨ ✳️その他のお値引きは出来かねます。 【新品未開封】 国内製品 シリーズ···iPhone 機種名···iPhone 17 Pro スマートフォン カラー···ディープブルー 容量···512GB SIMフリー 10月にアップルストアから購入しましたが使わないので出品します。,rakuma,【新品未開封】iPhone17pro 512GB ブルー　SIMフリー,iPhone17pro 512GB SIM,Apple,iPhone,17,,,512GB,
https://buyee.jp/rakuma/item/279847ecb65a39b48594f20d9ecb193f?conversionType=service_page_search,【新品未開封】iPhone17pro 256GB オレンジ　SIMフリー,"199,999 YEN",New/Unused,✨✨フォロー割で1000円引き致します✨✨ ✳️その他のお値引きは出来かねます。 【新品未開封】 国内製品 シリーズ···iPhone 機種名···iPhone 17 Pro スマートフォン カラー···オレンジ 容量···256GB SIMフリー 10月にアップルストアから購入しましたが使わないので出品します。,rakuma,【新品未開封】iPhone17pro 256GB オレンジ　SIMフリー,iPhone17pro 256GB SIM,Apple,iPhone,17,,,256GB,
https://buyee.jp/rakuma/item/cee51c8ab5b571930a887b4bb1b452f4?conversionType=service_page_search,【超美品】iPhone15 128GB ブラック バッテリー100%,"79,999 YEN",Close to unused,「アップル iPhone15 128GB ブラック」 購入:2025年7月 型番：MTMH3J/A カラー：ブラック ★バッテリー:100%！ SIMロック:無し 代表カラー：ブラック CPUコア数：6.0 コア OS種類：iOS SIMフリー：有 SIM種類：eSIM|nano-SIM ストレージ容量合計：128 GB バッテリー容量：3349.0 mAh メモリ容量（RAM）：6.0 GB 画面サイズ：6.1 in 5G対応可否：可 e-SIM対応の有無：有 機種・対応機種: iPhone15 ★注意:ネットワーク利用制限x 顔認証：有 指紋認証：無 有効画素数（サブ）：1200.0 万画素 接続端子：USB Type-C #アップル #MTMH3J/A #スマホ/家電/カメラ #スマートフォン/携帯電話 #スマートフォン本体,rakuma,【超美品】iPhone15 128GB ブラック バッテリー100%,iPhone15 128GB 100%,Apple,iPhone,15,,,128GB,
https://buyee.jp/rakuma/item/bab34a1d95b8621fce1725337c892de9?conversionType=service_page_search,NTT docomo らくらくスマートフォン F-52B ブルー,"12,900 YEN",Damaged/dirty,ご覧頂きまして、ありがとうございます。 ・新品購入し１年半利用し保管していたもので、本体は出品前に初期化済です ・IMEI:354863308489692 判定○です ・付属品は写真のものが全てです ・保護フィルムを利用、画面は綺麗な状態だと思います（フィルムは貼ったままお送りします） ・保護ケースを利用していましたが、隙間に入ったゴミで、背面に取れない汚れが全体的に付着しています（ケースに入れた場合は目立たないと思います） ・支払完了日の翌日夜までに発送手続予定です (発送が難しい状況時は別途ご連絡いたします) ・コメントや落札後の値下交渉はご遠慮下さい ・品質にこだわる方は入札をご遠慮下さい (すり替防止の為、ご返却無でお願いします） よろしくお願いいたします。,rakuma,NTT docomo らくらくスマートフォン F-52B ブルー,NTT docomo F-52B,,,,,,,
https://buyee.jp/rakuma/item/3b620e65f039e999180c375a81830a2b?conversionType=service_page_search,Apple iPhone 16e 本体部品取用ジャンク,"26,500 YEN",A little damaged/dirty,"Apple iPhone 16e 本体部品取用ジャンク アップル 型番：MD1Q4J/A カラー：ブラック ※We’re sorry, but this item is only available to buyers who can communicate in Japanese.” ご覧いただきありがとうございます。 本品はジャンク品（部品取り・修理前提）として出品しており、内容にご理解・ご納得いただける方のみご検討をお願いいたします。 ⚠️【ご確認ください】 ・アクティベーションロックあり ・IMEI番号やネットワーク利用制限の状態を当方では確認できておりません。 ⸻ ■ 商品状態 ・IMEI確認不可（状態不明） ・画面割れなし（バッテリー状態不明） ⸻ ■ 注意事項 ・動作保証・返品対応はいたしかねます（ジャンク品のため） ・商品の状態にご不安のある方は、ご購入をお控えください ※本体のみの出品です（付属品なし） ⸻ ■ その他 ・常識の範囲でお値下げのご相談は可能です、ご希望額をコメント願います ・他サイトにも出品中のため、予告なく削除となる場合がございます ⸻ 【Important (for international buyers)】 This device does not power on. We cannot verify the activation lock status or IMEI / network restriction. Previous owner stated it has no network lock, but this is unverified. Sold strictly as-is for parts or repair, in compliance with marketplace rules. #アップル #MD1Q4J/A #スマホ/家電/カメラ #スマートフォン/携帯電話 #スマートフォン本体",rakuma,Apple iPhone 16e 本体部品取用ジャンク,Apple iPhone 16e,Apple,iPhone,16,,,,
https://buyee.jp/rakuma/item/714c401c794df7d6a05c09e6de7fcd0f?conversionType=service_page_search,アップル iPhone6 16GB スペースグレイ SIMフリー,"5,100 YEN",A little damaged/dirty,「アップル iPhone6 16GB スペースグレイ SIMフリー」 アップル 型番：iPhone 6 カラー：スペースグレイ #アップル #スマホ/家電/カメラ #スマートフォン/携帯電話 #スマートフォン本体,rakuma,アップル iPhone6 16GB スペースグレイ SIMフリー,iPhone6 16GB SIM,Apple,iPhone,6,,16GB,16GB,
https://buyee.jp/rakuma/item/863070f7daa79f9ae39c052f8dfe414b?conversionType=service_page_search,iPhoneSE 第二世代　容量256ギガ　初期化済,"10,000 YEN",No obvious damages/dirt,⭐︎この度、機種変したので出品致します。⭐︎ ①画面にはガラスフィルムを貼っており、傷等はありません。 ②本体自体もカバーに入れて使っていたので傷はありません。 ③色は黒色になります。 ※注意点 ①ホームボタンが使えません。 ②それ以外の不具合は一切ありません。 ③ガラスフィルムは、剥がさない状態で出品・発送致します。 ③ノークレーム、ノーリターンでお願い致します。,rakuma,iPhoneSE 第二世代　容量256ギガ　初期化済,iPhoneSE 256,Apple,iPhone,SE,,,,
https://buyee.jp/rakuma/item/90b0b9591ee0769c1d25f72b3c63826b?conversionType=service_page_search,美品Libero Flip 128GB,"13,500 YEN",No obvious damages/dirt,Libero Flip 128GBを出品致します。 状態 ・キャリア:ワイモバイル ・ネットワーク:△ ・SIM:フリー ・容量:128GB ・色: ゴールド ・バージョン:14 ・付属品:無 ・修理歴:あり(キャリア) ・動作:確認済 ・電池:- ・外観:美品、ケースお付けします。 ・製造番号: 861149060146449 ▫︎ご理解の上ご落札下さい。 ▫︎返品・キャンセルは不可となります。 ▫︎神経質な方の入札・落札はご遠慮下さい。 宜しくお願い致します。 #Libro #liberoFlip,rakuma,美品Libero Flip 128GB,Libero Flip 128GB,,,,,,128GB,
https://buyee.jp/rakuma/item/43f2a88ecddb6bb43509d848f38f9d67?conversionType=service_page_search,iPhone7 ゴールド 32GB SIMロック解除済　中古,"5,800 YEN",A little damaged/dirty,ポスト投函便でプチプチで丁寧に梱包して発送します。他の配送方法をご希望の方や、他の商品と同梱希望の場合はコメント下さい。素人検品にご理解ください。機種スペックなどはご自身でお調べ下さい。 動作良好です。背面にケース跡ありです。画像でご確認をお願い致します。動作良好でした。 (10/27現在の情報) タッチ動作等→正常 SIMカードによる通信通話→正常 Wi-Fi通信→正常 バッテリー容量→79% ワイヤレス充電→正常 カメラ→イン・アウトともにビデオ機能含め正常 FaceID(顔認証)→機能なし 指紋認証→正常 サイドボタン→正常 前面ボタン→正常 ライト→正常 画面割れ→なし 液晶表示→正常(経年経過による劣化はありとお考え下さい) ApplePay→未確認 スピーカー→正常 マイク→正常(通話・ビデオで確認) バイブレーション→正常 iOSバージョン→10/26時点で確認(更新できるものはできる限り更新) iOS15.8.5 ネットワーク利用制限→◯ AppleID→ログアウト済(情報の確認の問い合わせがあった時のために、完全リセットはご購入後にします) 付属品：なし 充電端子→Lightning SIMロック→解除済 シリーズ···iPhone 機種名···iPhone 7 スマートフォン カラー···ゴールド 容量···32GB,rakuma,iPhone7 ゴールド 32GB SIMロック解除済　中古,iPhone7 32GB SIM,Apple,iPhone,7,,,32GB,
https://buyee.jp/rakuma/item/fff07873efabbdffc15f2b0e9ffda716?conversionType=service_page_search,【全額返金保証】【最速発送】Apple iPhone iPhone SE（第3世代） 64GB ミッドナイト docomo 動作確認済,"22,600 YEN",A little damaged/dirty,[商品番号]202510-0055786-S [メーカー]Apple [型番]MMYC3J/A [製品名]iPhone [シリーズ]SE（第3世代） [カラー]ミッドナイト [OS]17.3 [ストレージ容量]64GB [WiFi]OK [BlueTooth]OK [IMEI]358514792298679 [SIM]docomo [利用制限状態]〇：今後ネットワーク利用制限がかかることはありません [バッテリー残量]86% [バッテリー稼働チェック]バッテリーのみで動作可能です [FaceID]OK [TouchID]非搭載 [音声出力]OK [カメラ]OK [液晶]傷・汚れ、色むら、ドット抜けなどなくクリアです。 [シリアル]DM411CW350 [メーカー保証]期限切れ [アクティベーションロック]解除済み [SIMロック]SIMロック解除済み [タッチパネル]入力に問題ございません。 [付属品]元箱、取扱説明書、充電ケーブル、SIMピン [欠品している付属品] 写真の内容が全てです。「付属品」欄で記載した付属品以外は無いものとお考えください。 [外観について]若干傷・汚れなど見られますが概ね良好です。 [動作について]問題ございません。 [その他特記事項] ・液晶画面全体に複数の軽い傷があります。 ・サイドフレーム全体に小さな傷とテカリがあります。 ・マイク部分にほこりが入り込んでいます。 こちらの商品はラクマ公式パートナーの株式会社YTHサービスによって出品されています。,rakuma,【全額返金保証】【最速発送】Apple iPhone iPhone SE（第3世代） 64GB ミッドナイト docomo 動作確認済,Apple iPhone iPhone SE( 3 ) 64GB docomo,Apple,iPhone,SE,,,64GB,
https://buyee.jp/rakuma/item/a25c89d503d443194ec86cf0c715807e?conversionType=service_page_search,【全額返金保証】【最速発送】Apple iPhone iPhone 15 Pro Max 512GB ブラックチタニウム au 美品 動作確認済,"163,800 YEN",No obvious damages/dirt,[商品番号]202510-0055275-S [メーカー]Apple [型番]MU6U3J/A [製品名]iPhone [シリーズ]Pro Max [世代]15 [カラー]ブラックチタニウム [OS]18.6.2 [ストレージ容量]512GB [WiFi]OK [BlueTooth]OK [IMEI]350793227651607 [SIM]au [利用制限状態]〇：今後ネットワーク利用制限がかかることはありません [バッテリー残量]85% [バッテリー稼働チェック]バッテリーのみで動作可能です [FaceID]OK [TouchID]非搭載 [音声出力]OK [カメラ]OK [液晶]傷・汚れ、色むら、ドット抜けなどなくクリアです。 [シリアル]J9WFFG9TCP [メーカー保証]期限切れ [アクティベーションロック]解除済み [SIMロック]SIMロック解除済み [タッチパネル]入力に問題ございません。 [付属品]元箱、取扱説明書、SIMピン [欠品している付属品]ケーブル 写真の内容が全てです。「付属品」欄で記載した付属品以外は無いものとお考えください。 [外観について]若干傷・汚れなど見られますが概ね良好です。 [動作について]問題ございません。 [その他特記事項] ・フレームにスレ傷がございます こちらの商品はラクマ公式パートナーの株式会社YTHサービスによって出品されています。,rakuma,【全額返金保証】【最速発送】Apple iPhone iPhone 15 Pro Max 512GB ブラックチタニウム au 美品 動作確認済,Apple iPhone iPhone 15 Pro Max 512GB au,Apple,iPhone,15,Pro Max,,512GB,
https://buyee.jp/rakuma/item/d6cfa0d8a9988d9593de1c8b75260e42?conversionType=service_page_search,【全額返金保証】【最速発送】Apple iPhone iPhone 16 256GB ウルトラマリン SIMフリー 動作確認済,"102,400 YEN",Damaged/dirty,[商品番号]202510-0055242-S [メーカー]Apple [型番]MYE03J/A [製品名]iPhone [世代]16 [カラー]ウルトラマリン [OS]18.6.2 [ストレージ容量]256GB [WiFi]OK [BlueTooth]OK [IMEI]356640327124213 [バッテリー残量]95% [バッテリー稼働チェック]バッテリーのみで動作可能です [FaceID]OK [TouchID]非搭載 [音声出力]OK [カメラ]NG [液晶]傷・汚れ、色むら、ドット抜けなどなくクリアです。 [シリアル]DF7MFH4KYH [メーカー保証]期限切れ [アクティベーションロック]解除済み [SIMロック]SIMフリー [タッチパネル]入力に問題ございません。 [付属品]本体のみ [欠品している付属品] 写真の内容が全てです。「付属品」欄で記載した付属品以外は無いものとお考えください。 [外観について]若干傷・汚れなど見られますが概ね良好です。 [動作について]問題ございません。 [その他特記事項] ・広角レンズ時、中央上部に黒点の写り込み１個あります。 ・マイク穴に汚れが有ります。 こちらの商品はラクマ公式パートナーの株式会社YTHサービスによって出品されています。,rakuma,【全額返金保証】【最速発送】Apple iPhone iPhone 16 256GB ウルトラマリン SIMフリー 動作確認済,Apple iPhone iPhone 16 256GB SIM,Apple,iPhone,16,,,256GB,
https://buyee.jp/rakuma/item/a0f7ed2e3a53d6163bf486b0c4d8c8a8?conversionType=service_page_search,【全額返金保証】【最速発送】Apple iPhone iPhone 13 mini 128GB スターライト docomo 動作確認済,"33,400 YEN",Damaged/dirty,[商品番号]202510-0053780-S [メーカー]Apple [型番]MLJE3J/A [製品名]iPhone [シリーズ]mini [世代]13 [カラー]スターライト [OS]18.6.2 [ストレージ容量]128GB [WiFi]OK [BlueTooth]OK [IMEI]351374050325913 [SIM]docomo [利用制限状態]△：今後ネットワーク利用制限がかかる可能性があります [バッテリー残量]74% [バッテリー稼働チェック]バッテリーのみで動作可能です [FaceID]OK [TouchID]非搭載 [音声出力]OK [カメラ]OK [液晶]傷・汚れ、色むら、ドット抜けなどなくクリアです。 [シリアル]CMXMH63NGY [メーカー保証]期限切れ [アクティベーションロック]解除済み [SIMロック]SIMロック解除済み [タッチパネル]入力に問題ございません。 [付属品]元箱、取扱説明書、充電ケーブル、SIMピン [欠品している付属品] 写真の内容が全てです。「付属品」欄で記載した付属品以外は無いものとお考えください。 [外観について]若干傷・汚れなど見られますが概ね良好です。 [動作について]問題ございません。 [その他特記事項] ・側面に汚れや擦れがございます こちらの商品はラクマ公式パートナーの株式会社YTHサービスによって出品されています。,rakuma,【全額返金保証】【最速発送】Apple iPhone iPhone 13 mini 128GB スターライト docomo 動作確認済,Apple iPhone iPhone 13 mini 128GB docomo,Apple,iPhone,13,mini,,128GB,
https://buyee.jp/rakuma/item/3eed94efe8b452c0742388fb4c0d8918?conversionType=service_page_search,【全額返金保証】【最速発送】Apple iPhone iPhone 15 128GB ホワイトチタニウム SIMフリー 美品 動作確認済,"116,800 YEN",No obvious damages/dirt,[商品番号]202510-0054022-S [メーカー]Apple [型番]MTU83J/A [製品名]iPhone [世代]15 [カラー]ホワイトチタニウム [OS]18.5 [ストレージ容量]128GB [WiFi]OK [BlueTooth]OK [IMEI]354496315268310 [利用制限状態]〇：今後ネットワーク利用制限がかかることはありません [バッテリー残量]86% [バッテリー稼働チェック]バッテリーのみで動作可能です [FaceID]OK [TouchID]非搭載 [音声出力]OK [カメラ]OK [液晶]傷・汚れ、色むら、ドット抜けなどなくクリアです。 [シリアル]FWVD2V4WDG [メーカー保証]期限切れ [アクティベーションロック]解除済み [SIMロック]SIMフリー [タッチパネル]入力に問題ございません。 [付属品]元箱、取扱説明書、SIMピン [欠品している付属品]ケーブル 写真の内容が全てです。「付属品」欄で記載した付属品以外は無いものとお考えください。 [外観について]若干傷・汚れなど見られますが概ね良好です。 [動作について]問題ございません。 [その他特記事項] ・上部面にテカリや擦れが見られます こちらの商品はラクマ公式パートナーの株式会社YTHサービスによって出品されています。,rakuma,【全額返金保証】【最速発送】Apple iPhone iPhone 15 128GB ホワイトチタニウム SIMフリー 美品 動作確認済,Apple iPhone iPhone 15 128GB SIM,Apple,iPhone,15,,,128GB,
https://buyee.jp/rakuma/item/3f595fe96e04e9211e5a9ee749727011?conversionType=service_page_search,【全額返金保証】【最速発送】Apple iPhone iPhone 15 Pro Max 512GB ブルーチタニウム SIMフリー 動作確認済,"131,300 YEN",A little damaged/dirty,[商品番号]202510-0053386-S [メーカー]Apple [型番]MU6X3J/A [製品名]iPhone [シリーズ]Pro Max [世代]15 [カラー]ブルーチタニウム [OS]18.6.2 [ストレージ容量]512GB [WiFi]OK [BlueTooth]OK [IMEI]354784321035280 [利用制限状態]〇：今後ネットワーク利用制限がかかることはありません [バッテリー残量]85% [バッテリー稼働チェック]バッテリーのみで動作可能です [FaceID]OK [TouchID]非搭載 [音声出力]OK [カメラ]OK [液晶]傷・汚れ、色むら、ドット抜けなどなくクリアです。 [シリアル]M49YGH9XCH [メーカー保証]期限切れ [アクティベーションロック]解除済み [SIMロック]SIMフリー [タッチパネル]入力に問題ございません。 [付属品]元箱、取扱説明書、充電ケーブル、SIMピン [欠品している付属品] 写真の内容が全てです。「付属品」欄で記載した付属品以外は無いものとお考えください。 [外観について]若干傷・汚れなど見られますが概ね良好です。 [動作について]問題ございません。 [その他特記事項] ・フレーム角に傷がございます ・背面にテカリがございます こちらの商品はラクマ公式パートナーの株式会社YTHサービスによって出品されています。,rakuma,【全額返金保証】【最速発送】Apple iPhone iPhone 15 Pro Max 512GB ブルーチタニウム SIMフリー 動作確認済,Apple iPhone iPhone 15 Pro Max 512GB SIM,Apple,iPhone,15,Pro Max,,512GB,
https://buyee.jp/rakuma/item/8a9eda0ad0d068d8423fe60a7f7e721d?conversionType=service_page_search,【全額返金保証】【最速発送】Apple iPhone iPhone 14 Pro 128GB スペースブラック Softbank 動作確認済,"75,900 YEN",A little damaged/dirty,[商品番号]202510-0054626-S [メーカー]Apple [型番]MPXU3J/A [製品名]iPhone [シリーズ]Pro [世代]14 [カラー]スペースブラック [OS]18.3.2 [ストレージ容量]128GB [WiFi]OK [BlueTooth]OK [IMEI]350114360106392 [SIM]Softbank [利用制限状態]△：今後ネットワーク利用制限がかかる可能性があります [バッテリー残量]84% [バッテリー稼働チェック]バッテリーのみで動作可能です [FaceID]OK [TouchID]非搭載 [音声出力]OK [カメラ]OK [液晶]傷・汚れ、色むら、ドット抜けなどなくクリアです。 [シリアル]LHJCQF2Y6D [メーカー保証]期限切れ [アクティベーションロック]解除済み [SIMロック]SIMロック解除済み [タッチパネル]入力に問題ございません。 [付属品]本体のみ [欠品している付属品]元箱　取扱説明書　充電ケーブル　SIMピン 写真の内容が全てです。「付属品」欄で記載した付属品以外は無いものとお考えください。 [外観について]若干傷・汚れなど見られますが概ね良好です。 [動作について]問題ございません。 [その他特記事項] ・フレームに傷、線傷、擦れ傷、塗装剥がれがございます。 ・下部スピーカー部汚れがございます。 こちらの商品はラクマ公式パートナーの株式会社YTHサービスによって出品されています。,rakuma,【全額返金保証】【最速発送】Apple iPhone iPhone 14 Pro 128GB スペースブラック Softbank 動作確認済,Apple iPhone iPhone 14 Pro 128GB Softbank,Apple,iPhone,14,Pro,,128GB,
https://buyee.jp/rakuma/item/b7171c947f6b7bbaa4be35a84b69390d?conversionType=service_page_search,【全額返金保証】【最速発送】Apple iPhone iPhone 16 Pro 256GB ナチュラルチタニウム Softbank 美品 動作確認済,"141,600 YEN",No obvious damages/dirt,[商品番号]202510-0053852-S [メーカー]Apple [型番]MYN33J/A [製品名]iPhone [シリーズ]Pro [世代]16 [カラー]ナチュラルチタニウム [OS]26 [ストレージ容量]256GB [WiFi]OK [BlueTooth]OK [IMEI]354149556463187 [SIM]Softbank [利用制限状態]△：今後ネットワーク利用制限がかかる可能性があります [バッテリー残量]98% [バッテリー稼働チェック]バッテリーのみで動作可能です [FaceID]OK [TouchID]非搭載 [音声出力]OK [カメラ]OK [液晶]傷・汚れ、色むら、ドット抜けなどなくクリアです。 [シリアル]LRXP7CH996 [メーカー保証]期限切れ [アクティベーションロック]解除済み [SIMロック]SIMロック解除済み [タッチパネル]入力に問題ございません。 [付属品]元箱、充電ケーブル、SIMピン [欠品している付属品] 写真の内容が全てです。「付属品」欄で記載した付属品以外は無いものとお考えください。 [外観について]若干傷・汚れなど見られますが概ね良好です。 [動作について]問題ございません。 [その他特記事項] ・充放電回数 243回のお品物でございます。 ・スピーカー穴に汚れの付着が見られます。 ・フレームにテカリが見られます。 こちらの商品はラクマ公式パートナーの株式会社YTHサービスによって出品されています。,rakuma,【全額返金保証】【最速発送】Apple iPhone iPhone 16 Pro 256GB ナチュラルチタニウム Softbank 美品 動作確認済,Apple iPhone iPhone 16 Pro 256GB Softbank,Apple,iPhone,16,Pro,,256GB,
https://buyee.jp/rakuma/item/38392a0e55f729c6411662a2195c1c22?conversionType=service_page_search,【全額返金保証】【最速発送】Apple iPhone iPhone 15 Pro Max 512GB ブラックチタニウム SIMフリー 美品 動作確認済,"163,800 YEN",No obvious damages/dirt,[商品番号]202510-0054659-S [メーカー]Apple [型番]MU6U3J/A [製品名]iPhone [シリーズ]Pro Max [世代]15 [カラー]ブラックチタニウム [OS]26.0 [ストレージ容量]512GB [WiFi]OK [BlueTooth]OK [IMEI]350717697085434 [利用制限状態]〇：今後ネットワーク利用制限がかかることはありません [バッテリー残量]90% [バッテリー稼働チェック]バッテリーのみで動作可能です [FaceID]OK [TouchID]非搭載 [音声出力]OK [カメラ]OK [液晶]傷・汚れ、色むら、ドット抜けなどなくクリアです。 [シリアル]M5P7F0C2C7 [メーカー保証]期限切れ [アクティベーションロック]解除済み [SIMロック]SIMフリー [タッチパネル]入力に問題ございません。 [付属品]元箱、取扱説明書、充電ケーブル、SIMピン [欠品している付属品] 写真の内容が全てです。「付属品」欄で記載した付属品以外は無いものとお考えください。 [外観について]若干傷・汚れなど見られますが概ね良好です。 [動作について]問題ございません。 [その他特記事項] ・スピーカー穴に若干の汚れの付着がございます。 こちらの商品はラクマ公式パートナーの株式会社YTHサービスによって出品されています。,rakuma,【全額返金保証】【最速発送】Apple iPhone iPhone 15 Pro Max 512GB ブラックチタニウム SIMフリー 美品 動作確認済,Apple iPhone iPhone 15 Pro Max 512GB SIM,Apple,iPhone,15,Pro Max,,512GB,
https://buyee.jp/rakuma/item/dd8dd87f39577c6c90334e624d50a843?conversionType=service_page_search,【全額返金保証】【最速発送】Apple iPhone iPhone 14 256GB パープル docomo 動作確認済,"53,900 YEN",Damaged/dirty,[商品番号]202510-0054068-P [メーカー]Apple [型番]MPW93J/A [製品名]iPhone [世代]14 [カラー]パープル [OS]26.0.1 [ストレージ容量]256GB [WiFi]OK [BlueTooth]OK [IMEI]356663510468387 [SIM]docomo [利用制限状態]△：今後ネットワーク利用制限がかかる可能性があります [バッテリー残量]78% [バッテリー稼働チェック]バッテリーのみで動作可能です [FaceID]OK [TouchID]非搭載 [音声出力]OK [カメラ]OK [液晶]傷・汚れ、色むら、ドット抜けなどなくクリアです。 [シリアル]JJPJ269C9Q [メーカー保証]期限切れ [アクティベーションロック]解除済み [SIMロック]SIMロック解除済み [タッチパネル]入力に問題ございません。 [付属品]元箱、取扱説明書、SIMピン [欠品している付属品]充電ケーブル 写真の内容が全てです。「付属品」欄で記載した付属品以外は無いものとお考えください。 [外観について]若干傷・汚れなど見られますが概ね良好です。 [動作について]問題ございません。 [その他特記事項] ・充電挿し口付近のネジ部分に僅かに汚れのような小傷がございます。 ・背面カメラレンズ周り淵に小傷や僅か欠けがございます。 こちらの商品はラクマ公式パートナーの株式会社YTHサービスによって出品されています。,rakuma,【全額返金保証】【最速発送】Apple iPhone iPhone 14 256GB パープル docomo 動作確認済,Apple iPhone iPhone 14 256GB docomo,Apple,iPhone,14,,,256GB,
https://buyee.jp/rakuma/item/640853f2109d77584a900e9dcf18340b?conversionType=service_page_search,【全額返金保証】【最速発送】Apple iPhone iPhone 13 Pro Max 1TB ゴールド SIMフリー 美品 動作確認済,"110,300 YEN",No obvious damages/dirt,[商品番号]202510-0053938-S [メーカー]Apple [型番]NLKJ3J/A [製品名]iPhone [シリーズ]Pro Max [世代]13 [カラー]ゴールド [OS]18.7 [ストレージ容量]1TB [WiFi]OK [BlueTooth]OK [IMEI]359646702174944 [利用制限状態]〇：今後ネットワーク利用制限がかかることはありません [バッテリー残量]99% [バッテリー稼働チェック]バッテリーのみで動作可能です [FaceID]OK [TouchID]非搭載 [音声出力]OK [カメラ]OK [液晶]傷・汚れ、色むら、ドット抜けなどなくクリアです。 [アクティベーションロック]解除済み [SIMロック]SIMフリー [タッチパネル]入力に問題ございません。 [付属品]本体のみ [欠品している付属品]元箱、ケーブル、SIMピン、説明書 写真の内容が全てです。「付属品」欄で記載した付属品以外は無いものとお考えください。 [外観について]若干傷・汚れなど見られますが概ね良好です。 [動作について]問題ございません。 [その他特記事項] ・側面に擦れがございます こちらの商品はラクマ公式パートナーの株式会社YTHサービスによって出品されています。,rakuma,【全額返金保証】【最速発送】Apple iPhone iPhone 13 Pro Max 1TB ゴールド SIMフリー 美品 動作確認済,Apple iPhone iPhone 13 Pro Max 1TB SIM,Apple,iPhone,13,Pro Max,,1TB,
https://buyee.jp/rakuma/item/f8d2136b9cd6772ce36cb00c04af4a92?conversionType=service_page_search,【全額返金保証】【最速発送】Apple iPhone iPhone 13 mini 256GB ミッドナイト SIMフリー 動作確認済,"46,200 YEN",A little damaged/dirty,[商品番号]202510-0053866-S [メーカー]Apple [型番]MLJJ3J/A [製品名]iPhone [シリーズ]mini [世代]13 [カラー]ミッドナイト [OS]18.6.2 [ストレージ容量]256GB [WiFi]OK [BlueTooth]OK [IMEI]351374055492486 [利用制限状態]〇：今後ネットワーク利用制限がかかることはありません [バッテリー残量]82% [バッテリー稼働チェック]バッテリーのみで動作可能です [FaceID]OK [TouchID]非搭載 [音声出力]OK [カメラ]OK [液晶]傷・汚れ、色むら、ドット抜けなどなくクリアです。 [シリアル]CMXJM3Q00V [メーカー保証]期限切れ [アクティベーションロック]解除済み [SIMロック]SIMフリー [タッチパネル]入力に問題ございません。 [付属品]元箱、取扱説明書、充電ケーブル、SIMピン [欠品している付属品] 写真の内容が全てです。「付属品」欄で記載した付属品以外は無いものとお考えください。 [外観について]傷・汚れなどが目立ちます。 [動作について]問題ございません。 [その他特記事項] ・フレームにテカリや塗装剥がれがみられます ・背面パネルに擦れがみられます ・外カメラフレームに塗装剥がれがみられます こちらの商品はラクマ公式パートナーの株式会社YTHサービスによって出品されています。,rakuma,【全額返金保証】【最速発送】Apple iPhone iPhone 13 mini 256GB ミッドナイト SIMフリー 動作確認済,Apple iPhone iPhone 13 mini 256GB SIM,Apple,iPhone,13,mini,,256GB,
https://buyee.jp/rakuma/item/f7f0ddbd9ef5dddd2a84a7634672a71e?conversionType=service_page_search,【全額返金保証】【最速発送】Apple iPhone iPhone 15 Pro 128GB ブルーチタニウム SIMフリー 動作確認済,"93,900 YEN",A little damaged/dirty,[商品番号]202510-0053850-S [メーカー]Apple [型番]MTUA3J/A [製品名]iPhone [シリーズ]Pro [世代]15 [カラー]ブルーチタニウム [OS]26 [ストレージ容量]128GB [WiFi]OK [BlueTooth]OK [IMEI]354230916715795 [バッテリー残量]87% [バッテリー稼働チェック]バッテリーのみで動作可能です [FaceID]OK [TouchID]非搭載 [音声出力]OK [カメラ]OK [液晶]傷・汚れ、色むら、ドット抜けなどなくクリアです。 [シリアル]GT7XCY5QY0 [メーカー保証]期限切れ [アクティベーションロック]解除済み [SIMロック]SIMフリー [タッチパネル]入力に問題ございません。 [付属品]元箱、充電ケーブル [欠品している付属品] 写真の内容が全てです。「付属品」欄で記載した付属品以外は無いものとお考えください。 [外観について]若干傷・汚れなど見られますが概ね良好です。 [その他特記事項] ・液晶に細かな擦れが少し散見されます。 ・フレーム４つ角に、各１つずつ傷がございます。 ・フレーム側面にテカリ、スレが少し散見されます。 こちらの商品はラクマ公式パートナーの株式会社YTHサービスによって出品されています。,rakuma,【全額返金保証】【最速発送】Apple iPhone iPhone 15 Pro 128GB ブルーチタニウム SIMフリー 動作確認済,Apple iPhone iPhone 15 Pro 128GB SIM,Apple,iPhone,15,Pro,,128GB,
https://buyee.jp/rakuma/item/6a06e90f05aa30f00b4ddf8941406df1?conversionType=service_page_search,【全額返金保証】【最速発送】Apple iPhone iPhone XR 256GB イエロー SIMフリー 動作確認済,"14,900 YEN",Damaged/dirty,[商品番号]202510-0053582-C [メーカー]Apple [型番]MT0Y2J/A [製品名]iPhone [世代]XR [カラー]イエロー [OS]18.6.2 [ストレージ容量]256GB [WiFi]OK [BlueTooth]OK [IMEI]357372095606630 [利用制限状態]〇：今後ネットワーク利用制限がかかることはありません [バッテリー残量]74% [バッテリー稼働チェック]バッテリーのみで動作可能です [FaceID]OK [音声出力]OK [カメラ]OK [液晶]傷・汚れ、色むら、ドット抜けなどなくクリアです。 [シリアル]F4GXQ2KBKXLV [メーカー保証]期限切れ [アクティベーションロック]解除済み [SIMロック]SIMフリー [タッチパネル]入力に問題ございません。 [付属品]本体のみ [欠品している付属品] 写真の内容が全てです。「付属品」欄で記載した付属品以外は無いものとお考えください。 [動作について]問題ございません。 [その他外観について] ・画面に点状の小さな傷が2つございます。 ・充電ポート付近に塗装のはげがございます。 ・フレームの両角近くに小さなへこみがございます。 ・スピーカーとミュート/ミュート解除ボタンにほこりの入り込みがございます。 ・リアカメラのフレームに若干のスレ傷がございます。 こちらの商品はラクマ公式パートナーの株式会社YTHサービスによって出品されています。,rakuma,【全額返金保証】【最速発送】Apple iPhone iPhone XR 256GB イエロー SIMフリー 動作確認済,Apple iPhone iPhone XR 256GB SIM,Apple,iPhone,XR,,,256GB,
https://buyee.jp/rakuma/item/9ed99be7095ab65da5cc756c40aefba4?conversionType=service_page_search,【全額返金保証】【最速発送】Apple iPhone iPhone 15 Pro 1TB ブラックチタニウム SIMフリー 動作確認済,"107,500 YEN",Damaged/dirty,[商品番号]202510-0054566-S [メーカー]Apple [型番]MTUQ3J/A [製品名]iPhone [シリーズ]Pro [世代]15 [カラー]ブラックチタニウム [OS]18.7.1 [ストレージ容量]1TB [WiFi]OK [BlueTooth]OK [IMEI]354230919539739 [バッテリー残量]78% [バッテリー稼働チェック]バッテリーのみで動作可能です [FaceID]OK [TouchID]非搭載 [音声出力]OK [カメラ]OK [液晶]傷・汚れ、色むら、ドット抜けなどなくクリアです。 [シリアル]F2CXJXD1HP [メーカー保証]期限切れ [アクティベーションロック]解除済み [SIMロック]SIMフリー [タッチパネル]入力に問題ございません。 [付属品]元箱、取扱説明書、充電ケーブル、SIMピン [欠品している付属品] 写真の内容が全てです。「付属品」欄で記載した付属品以外は無いものとお考えください。 [外観について]傷・汚れなどなく綺麗です。 [動作について]問題ございません。 こちらの商品はラクマ公式パートナーの株式会社YTHサービスによって出品されています。,rakuma,【全額返金保証】【最速発送】Apple iPhone iPhone 15 Pro 1TB ブラックチタニウム SIMフリー 動作確認済,Apple iPhone iPhone 15 Pro 1TB SIM,Apple,iPhone,15,Pro,,1TB,
https://buyee.jp/rakuma/item/0e77d6fd2df3f892af638e2480a4aeb5?conversionType=service_page_search,【全額返金保証】【最速発送】Apple iPhone iPhone 15 Pro Max 512GB ブルーチタニウム 楽天モバイル 新品未開封 即納OK,"163,900 YEN",New/Unused,[商品番号]202510-0053715-S [メーカー]Apple [型番]MU6X3J/A [製品名]iPhone [シリーズ]Pro Max [世代]15 [カラー]ブルーチタニウム [ストレージ容量]512GB [IMEI]356840670939197 [SIM]楽天モバイル [利用制限状態]〇：今後ネットワーク利用制限がかかることはありません [シリアル]DRXFD4CYMT [メーカー保証]開始前 [付属品]元箱、取扱説明書、充電ケーブル、SIMピン [欠品している付属品] 写真の内容が全てです。「付属品」欄で記載した付属品以外は無いものとお考えください。 [外観について]傷・汚れなどなく綺麗です。 [その他特記事項] 開封未使用品です。 デバイスアクティベーションまだです。 こちらの商品はラクマ公式パートナーの株式会社YTHサービスによって出品されています。,rakuma,【全額返金保証】【最速発送】Apple iPhone iPhone 15 Pro Max 512GB ブルーチタニウム 楽天モバイル 新品未開封 即納OK,Apple iPhone iPhone 15 Pro Max 512GB OK,Apple,iPhone,15,Pro Max,,512GB,
https://buyee.jp/rakuma/item/93c2581d373320b781d672c29330da7f?conversionType=service_page_search,【全額返金保証】【最速発送】Apple iPhone iPhone 16 Pro 128GB ブラックチタニウム SIMフリー 美品 動作確認済,"150,600 YEN",No obvious damages/dirt,[商品番号]202510-0053980-S [メーカー]Apple [型番]MYMV3J/A [製品名]iPhone [シリーズ]Pro [世代]16 [カラー]ブラックチタニウム [OS]26 [ストレージ容量]128GB [WiFi]OK [BlueTooth]OK [IMEI]355171957483753 [利用制限状態]〇：今後ネットワーク利用制限がかかることはありません [バッテリー残量]92% [バッテリー稼働チェック]バッテリーのみで動作可能です [FaceID]OK [TouchID]非搭載 [音声出力]OK [カメラ]OK [液晶]傷・汚れ、色むら、ドット抜けなどなくクリアです。 [シリアル]J0YFF9PXLT [メーカー保証]期限切れ [アクティベーションロック]解除済み [SIMロック]SIMフリー [タッチパネル]入力に問題ございません。 [付属品]元箱、充電ケーブル、SIMピン [欠品している付属品] 写真の内容が全てです。「付属品」欄で記載した付属品以外は無いものとお考えください。 [外観について]若干傷・汚れなど見られますが概ね良好です。 [動作について]問題ございません。 [その他特記事項] ・充放電回数：381回 ・音量ボタン付近に塗装剥がれがみられます ・背面パネルに薄っすら擦れがみられます こちらの商品はラクマ公式パートナーの株式会社YTHサービスによって出品されています。,rakuma,【全額返金保証】【最速発送】Apple iPhone iPhone 16 Pro 128GB ブラックチタニウム SIMフリー 美品 動作確認済,Apple iPhone iPhone 16 Pro 128GB SIM,Apple,iPhone,16,Pro,,128GB,
https://buyee.jp/rakuma/item/d7528a6687b476b5b12fe610ad361455?conversionType=service_page_search,【全額返金保証】【最速発送】Apple iPhone iPhone 15 128GB グリーン SIMフリー 美品 動作確認済,"87,500 YEN",No obvious damages/dirt,[商品番号]202510-0053573-S [メーカー]Apple [型番]MTMM3J/A [製品名]iPhone [世代]15 [カラー]グリーン [OS]26 [ストレージ容量]128GB [WiFi]OK [BlueTooth]OK [IMEI]356925798462378 [利用制限状態]〇：今後ネットワーク利用制限がかかることはありません [バッテリー残量]87% [FaceID]OK [音声出力]OK [カメラ]OK [液晶]傷・汚れ、色むら、ドット抜けなどなくクリアです。 [シリアル]XQYKKGD4FK [メーカー保証]期限切れ [アクティベーションロック]解除済み [SIMロック]SIMフリー [タッチパネル]入力に問題ございません。 [付属品]充電ケーブル、SIMピン [欠品している付属品] 写真の内容が全てです。「付属品」欄で記載した付属品以外は無いものとお考えください。 [動作について]問題ございません。 [その他外観について] ・サイレント切り替えスイッチ周りとジャック差込口付近に僅かにスレがございますが、概ね綺麗な状態です。 こちらの商品はラクマ公式パートナーの株式会社YTHサービスによって出品されています。,rakuma,【全額返金保証】【最速発送】Apple iPhone iPhone 15 128GB グリーン SIMフリー 美品 動作確認済,Apple iPhone iPhone 15 128GB SIM,Apple,iPhone,15,,,128GB,
https://buyee.jp/rakuma/item/7ea134de85069af0f604a346989d2d0e?conversionType=service_page_search,【全額返金保証】【最速発送】Apple iPhone iPhone 15 Pro 256GB ホワイトチタニウム SIMフリー 美品 動作確認済,"129,800 YEN",No obvious damages/dirt,[商品番号]202510-0053625-S [メーカー]Apple [型番]MTUD3J/A [製品名]iPhone [シリーズ]Pro [世代]15 [カラー]ホワイトチタニウム [OS]18.6.2 [ストレージ容量]256GB [WiFi]OK [BlueTooth]OK [IMEI]355746602991050 [利用制限状態]〇：今後ネットワーク利用制限がかかることはありません [バッテリー残量]88% [バッテリー稼働チェック]バッテリーのみで動作可能です [FaceID]OK [TouchID]非搭載 [音声出力]OK [カメラ]OK [液晶]傷・汚れ、色むら、ドット抜けなどなくクリアです。 [シリアル]GVC44Y93N7 [メーカー保証]期限切れ [アクティベーションロック]解除済み [SIMロック]SIMフリー [タッチパネル]入力に問題ございません。 [付属品]元箱、取扱説明書、SIMピン [欠品している付属品] 写真の内容が全てです。「付属品」欄で記載した付属品以外は無いものとお考えください。 [外観について]若干傷・汚れなど見られますが概ね良好です。 [動作について]問題ございません。 [その他特記事項] ・カメラフレームに欠け傷がございます こちらの商品はラクマ公式パートナーの株式会社YTHサービスによって出品されています。,rakuma,【全額返金保証】【最速発送】Apple iPhone iPhone 15 Pro 256GB ホワイトチタニウム SIMフリー 美品 動作確認済,Apple iPhone iPhone 15 Pro 256GB SIM,Apple,iPhone,15,Pro,,256GB,
https://buyee.jp/rakuma/item/c4cbf111de5a5ea7b2060ef51d7ee805?conversionType=service_page_search,【全額返金保証】【最速発送】Apple iPhone iPhone 13 Pro Max 256GB ゴールド SIMフリー 動作確認済,"71,600 YEN",Damaged/dirty,[商品番号]202510-0053711-S [メーカー]Apple [型番]MLJA3J/A [製品名]iPhone [シリーズ]Pro Max [世代]13 [カラー]ゴールド [OS]18.4.1 [ストレージ容量]256GB [WiFi]OK [BlueTooth]OK [IMEI]351999624048607 [利用制限状態]〇：今後ネットワーク利用制限がかかることはありません [バッテリー残量]79% [バッテリー稼働チェック]バッテリーのみで動作可能です [FaceID]OK [TouchID]非搭載 [音声出力]OK [カメラ]OK [液晶]傷・汚れ、色むら、ドット抜けなどなくクリアです。 [シリアル]V6154G46HX [メーカー保証]期限切れ [アクティベーションロック]解除済み [SIMロック]SIMフリー [タッチパネル]入力に問題ございません。 [付属品]元箱、取扱説明書、充電ケーブル、SIMピン [欠品している付属品]・背面カメラにてポートレートモード時に、薄っすらと丸い3㎜程の映り込みが画面左上に1つみられます。 ・フレーム全体に細かい擦れが複数みられます。 写真の内容が全てです。「付属品」欄で記載した付属品以外は無いものとお考えください。 [外観について]若干傷・汚れなど見られますが概ね良好です。 [動作について]問題ございません。 こちらの商品はラクマ公式パートナーの株式会社YTHサービスによって出品されています。,rakuma,【全額返金保証】【最速発送】Apple iPhone iPhone 13 Pro Max 256GB ゴールド SIMフリー 動作確認済,Apple iPhone iPhone 13 Pro Max 256GB SIM,Apple,iPhone,13,Pro Max,,256GB,
https://buyee.jp/rakuma/item/4cb2db087bc29d987732dd6863b0a39b?conversionType=service_page_search,【全額返金保証】【最速発送】Apple iPhone iPhone 15 Pro 128GB ブルーチタニウム 楽天モバイル 美品 動作確認済,"116,800 YEN",No obvious damages/dirt,[商品番号]202510-0053797-S [メーカー]Apple [型番]MTUA3J/A [製品名]iPhone [シリーズ]Pro [世代]15 [カラー]ブルーチタニウム [OS]18.6.2 [ストレージ容量]128GB [WiFi]OK [IMEI]354230912070138 [SIM]楽天モバイル [利用制限状態]〇：今後ネットワーク利用制限がかかることはありません [バッテリー残量]89% [バッテリー稼働チェック]バッテリーのみで動作可能です [FaceID]OK [TouchID]非搭載 [音声出力]OK [カメラ]OK [液晶]傷・汚れ、色むら、ドット抜けなどなくクリアです。 [シリアル]W7TM7G920T [メーカー保証]期限切れ [アクティベーションロック]解除済み [SIMロック]SIMロック解除済み [タッチパネル]入力に問題ございません。 [付属品]元箱、取扱説明書、充電ケーブル、SIMピン [欠品している付属品] 写真の内容が全てです。「付属品」欄で記載した付属品以外は無いものとお考えください。 [外観について]若干傷・汚れなど見られますが概ね良好です。 [動作について]問題ございません。 [その他特記事項] ・充放電回数：666回 ・フレームに薄っすら擦れやテカリがみられます こちらの商品はラクマ公式パートナーの株式会社YTHサービスによって出品されています。,rakuma,【全額返金保証】【最速発送】Apple iPhone iPhone 15 Pro 128GB ブルーチタニウム 楽天モバイル 美品 動作確認済,Apple iPhone iPhone 15 Pro 128GB,Apple,iPhone,15,Pro,,128GB,
https://buyee.jp/rakuma/item/5eb77fd2d9cfb306629828ca743103ad?conversionType=service_page_search,【全額返金保証】【最速発送】Apple iPhone iPhone 15 Pro Max 512GB ブラックチタニウム Softbank SIMフリー 動作確認済,"128,200 YEN",Damaged/dirty,[商品番号]202510-0054971-S [メーカー]Apple [型番]MU6U3J/A [製品名]iPhone [シリーズ]Pro Max [世代]15 [カラー]ブラックチタニウム [OS]18.6.2 [ストレージ容量]512GB [WiFi]OK [BlueTooth]OK [IMEI]354550160501827 [SIM]Softbank [利用制限状態]△：今後ネットワーク利用制限がかかる可能性があります [バッテリー残量]84% [バッテリー稼働チェック]バッテリーのみで動作可能です [FaceID]OK [TouchID]非搭載 [音声出力]OK [カメラ]OK [液晶]傷・汚れ、色むら、ドット抜けなどなくクリアです。 [シリアル]CP6HT9RRJQ [メーカー保証]期限切れ [アクティベーションロック]解除済み [SIMロック]SIMフリー [タッチパネル]入力に問題ございません。 [付属品]元箱、取扱説明書、充電ケーブル、SIMピン [欠品している付属品] 写真の内容が全てです。「付属品」欄で記載した付属品以外は無いものとお考えください。 [外観について]若干傷・汚れなど見られますが概ね良好です。 [動作について]問題ございません。 [その他特記事項] ・画面に薄っすらですが点傷や擦れ傷が複数ございます。 ・側面に若干のテカリ、スピーカーに汚れの付着がございます。 こちらの商品はラクマ公式パートナーの株式会社YTHサービスによって出品されています。,rakuma,【全額返金保証】【最速発送】Apple iPhone iPhone 15 Pro Max 512GB ブラックチタニウム Softbank SIMフリー 動作確認済,Apple iPhone iPhone 15 Pro Max 512GB Softbank SIM,Apple,iPhone,15,Pro Max,,512GB,
https://buyee.jp/rakuma/item/52844727c0601aab1c4e6da3865b25f7?conversionType=service_page_search,【全額返金保証】【最速発送】Apple iPhone iPhone 12 mini 64GB ホワイト au 動作確認済,"18,000 YEN",Damaged/dirty,[商品番号]202510-0053950-S [メーカー]Apple [型番]MGA63J/A [製品名]iPhone [シリーズ]mini [世代]12 [カラー]ホワイト [OS]18.5 [ストレージ容量]64GB [WiFi]OK [BlueTooth]OK [IMEI]353012110442389 [SIM]au [利用制限状態]〇：今後ネットワーク利用制限がかかることはありません [バッテリー残量]75% [バッテリー稼働チェック]バッテリーのみで動作可能です [FaceID]OK [TouchID]非搭載 [音声出力]OK [カメラ]OK [液晶]傷・汚れ、色むら、ドット抜けなどなくクリアです。 [シリアル]FD4DM23X0GQ8 [メーカー保証]期限切れ [アクティベーションロック]解除済み [SIMロック]SIMロック解除済み [タッチパネル]入力に問題ございません。 [付属品]元箱、取扱説明書、充電ケーブル、SIMピン [欠品している付属品] 写真の内容が全てです。「付属品」欄で記載した付属品以外は無いものとお考えください。 [外観について]若干傷・汚れなど見られますが概ね良好です。 [動作について]問題ございません。 [その他特記事項] ・充電口付近や外カメラフレームに小さな塗装剥がれがみられます ・フレームに薄っすら擦れがみられます ・背面パネルに汚れがみられます こちらの商品はラクマ公式パートナーの株式会社YTHサービスによって出品されています。,rakuma,【全額返金保証】【最速発送】Apple iPhone iPhone 12 mini 64GB ホワイト au 動作確認済,Apple iPhone iPhone 12 mini 64GB au,Apple,iPhone,12,mini,,64GB,
https://buyee.jp/rakuma/item/eec3b3772a5b46d6e356f8f85385a2d5?conversionType=service_page_search,【全額返金保証】【最速発送】Apple iPhone iPhone 13 Pro 512GB グラファイト SIMフリー 動作確認済,"62,600 YEN",A little damaged/dirty,[商品番号]202510-0054083-S [メーカー]Apple [型番]NLUV3J/A [製品名]iPhone [シリーズ]Pro [世代]13 [カラー]グラファイト [OS]18.6.2 [ストレージ容量]512GB [WiFi]OK [BlueTooth]OK [IMEI]354980610255106 [利用制限状態]〇：今後ネットワーク利用制限がかかることはありません [バッテリー残量]81% [バッテリー稼働チェック]バッテリーのみで動作可能です [FaceID]OK [TouchID]非搭載 [音声出力]OK [カメラ]OK [液晶]傷・汚れ、色むら、ドット抜けなどなくクリアです。 [シリアル]X0N7D0X002 [メーカー保証]期限切れ [アクティベーションロック]解除済み [SIMロック]SIMフリー [タッチパネル]入力に問題ございません。 [付属品]元箱、取扱説明書、充電ケーブル、SIMピン [欠品している付属品] 写真の内容が全てです。「付属品」欄で記載した付属品以外は無いものとお考えください。 [外観について]若干傷・汚れなど見られますが概ね良好です。 [動作について]問題ございません。 [その他特記事項] ・フレームに細かい複数の擦れと、左下角に小傷と打痕がみられます。 こちらの商品はラクマ公式パートナーの株式会社YTHサービスによって出品されています。,rakuma,【全額返金保証】【最速発送】Apple iPhone iPhone 13 Pro 512GB グラファイト SIMフリー 動作確認済,Apple iPhone iPhone 13 Pro 512GB SIM,Apple,iPhone,13,Pro,,512GB,
https://buyee.jp/rakuma/item/06f621ad6f11fa2bc3e6fefba6523af2?conversionType=service_page_search,【全額返金保証】【最速発送】Apple iPhone iPhone 15 Pro 256GB ブラックチタニウム SIMフリー 動作確認済,"105,200 YEN",A little damaged/dirty,[商品番号]202510-0053734-S [メーカー]Apple [型番]MTUC3J/A [製品名]iPhone [シリーズ]Pro [世代]15 [カラー]ブラックチタニウム [OS]18.6.2 [ストレージ容量]256GB [WiFi]OK [BlueTooth]OK [IMEI]355721797195890 [利用制限状態]〇：今後ネットワーク利用制限がかかることはありません [バッテリー残量]86% [バッテリー稼働チェック]バッテリーのみで動作可能です [FaceID]OK [TouchID]非搭載 [音声出力]OK [カメラ]OK [液晶]傷・汚れ、色むら、ドット抜けなどなくクリアです。 [シリアル]DVPQV9KYW1 [メーカー保証]期限切れ [アクティベーションロック]解除済み [SIMロック]SIMフリー [タッチパネル]入力に問題ございません。 [付属品]元箱、取扱説明書、充電ケーブル、SIMピン [欠品している付属品] 写真の内容が全てです。「付属品」欄で記載した付属品以外は無いものとお考えください。 [外観について]若干傷・汚れなど見られますが概ね良好です。 [動作について]問題ございません。 [その他特記事項] ・フチ周りに擦れ、汚れがございます。 ・カメラ周りに細かな傷がございます。 こちらの商品はラクマ公式パートナーの株式会社YTHサービスによって出品されています。,rakuma,【全額返金保証】【最速発送】Apple iPhone iPhone 15 Pro 256GB ブラックチタニウム SIMフリー 動作確認済,Apple iPhone iPhone 15 Pro 256GB SIM,Apple,iPhone,15,Pro,,256GB,
https://buyee.jp/rakuma/item/0373d86f1b981f3dbc1ba89c1629f867?conversionType=service_page_search,【全額返金保証】【最速発送】Apple iPhone iPhone 13 Pro 512GB シエラブルー Softbank SIMフリー 動作確認済,"61,400 YEN",Damaged/dirty,[商品番号]202510-0053758-S [メーカー]Apple [型番]MLV03J/A [製品名]iPhone [シリーズ]Pro [世代]13 [カラー]シエラブルー [OS]18.6.2 [ストレージ容量]512GB [WiFi]OK [BlueTooth]OK [IMEI]359339136881280 [SIM]Softbank [利用制限状態]△：今後ネットワーク利用制限がかかる可能性があります [バッテリー残量]75% [バッテリー稼働チェック]バッテリーのみで動作可能です [FaceID]OK [TouchID]非搭載 [音声出力]OK [カメラ]OK [液晶]傷・汚れ、色むら、ドット抜けなどなくクリアです。 [シリアル]K49HXQVL2X [メーカー保証]有効 [メーカー保証期限]2030年5月10日 [アクティベーションロック]解除済み [SIMロック]SIMフリー [タッチパネル]入力に問題ございません。 [付属品]元箱、取扱説明書、充電ケーブル、SIMピン [欠品している付属品] 写真の内容が全てです。「付属品」欄で記載した付属品以外は無いものとお考えください。 [外観について]若干傷・汚れなど見られますが概ね良好です。 [動作について]問題ございません。 [その他特記事項] ・充電口に擦れがございます。 ・カメラ部分に汚れがございます。 こちらの商品はラクマ公式パートナーの株式会社YTHサービスによって出品されています。,rakuma,【全額返金保証】【最速発送】Apple iPhone iPhone 13 Pro 512GB シエラブルー Softbank SIMフリー 動作確認済,Apple iPhone iPhone 13 Pro 512GB Softbank SIM,Apple,iPhone,13,Pro,,512GB,
https://buyee.jp/rakuma/item/54a3436af7f7d3795bbc04bd81b4f719?conversionType=service_page_search,【全額返金保証】【最速発送】Apple iPhone iPhone 15 Pro Max 256GB ホワイト au 美品 動作確認済,"133,200 YEN",No obvious damages/dirt,[商品番号]202510-0055009-S [メーカー]Apple [型番]MU6Q3J/A [製品名]iPhone [シリーズ]Pro Max [世代]15 [カラー]ホワイト [OS]18.6.2 [ストレージ容量]256GB [WiFi]OK [BlueTooth]OK [IMEI]350717695862925 [SIM]au [利用制限状態]△：今後ネットワーク利用制限がかかる可能性があります [バッテリー残量]88% [バッテリー稼働チェック]バッテリーのみで動作可能です [FaceID]OK [TouchID]非搭載 [音声出力]OK [カメラ]OK [液晶]傷・汚れ、色むら、ドット抜けなどなくクリアです。 [シリアル]L74T72N71H [メーカー保証]期限切れ [アクティベーションロック]解除済み [SIMロック]SIMロック解除済み [タッチパネル]入力に問題ございません。 [付属品]本体のみ [欠品している付属品]元箱　取扱説明書　SIMピン　充電ケーブル 写真の内容が全てです。「付属品」欄で記載した付属品以外は無いものとお考えください。 [外観について]若干傷・汚れなど見られますが概ね良好です。 [動作について]問題ございません。 [その他特記事項] ・背面カメラリングに若干の汚れございますが、綺麗なお品物でございます。 こちらの商品はラクマ公式パートナーの株式会社YTHサービスによって出品されています。,rakuma,【全額返金保証】【最速発送】Apple iPhone iPhone 15 Pro Max 256GB ホワイト au 美品 動作確認済,Apple iPhone iPhone 15 Pro Max 256GB au,Apple,iPhone,15,Pro Max,,256GB,
https://buyee.jp/rakuma/item/faf09b28c293bc01d5fb53e35849cc7a?conversionType=service_page_search,【全額返金保証】【最速発送】Apple iPhone iPhone 14 Pro Max 1TB スペースブラック au 動作確認済,"105,200 YEN",Damaged/dirty,[商品番号]202510-0054774-S [メーカー]Apple [型番]MQ9K3J/A [製品名]iPhone [シリーズ]Pro Max [世代]14 [カラー]スペースブラック [OS]18.6.2 [ストレージ容量]1TB [WiFi]OK [BlueTooth]OK [IMEI]358416189760479 [SIM]au [利用制限状態]△：今後ネットワーク利用制限がかかる可能性があります [バッテリー残量]79% [バッテリー稼働チェック]バッテリーのみで動作可能です [FaceID]OK [TouchID]非搭載 [音声出力]OK [カメラ]OK [液晶]傷・汚れが見られますが概ね良好です。 [シリアル]JRGCLF73W7 [メーカー保証]期限切れ [アクティベーションロック]解除済み [SIMロック]SIMロック解除済み [タッチパネル]入力に問題ございません。 [付属品]充電ケーブル [欠品している付属品]元箱、取扱説明書、SIMピン 写真の内容が全てです。「付属品」欄で記載した付属品以外は無いものとお考えください。 [外観について]傷・汚れなどが目立ちます。 [動作について]問題ございません。 [その他特記事項] ・液晶に薄っすら線傷や擦れがみられます ・充電口に細かな線傷がみられます ・フレームに小傷がみられます ・ボタン類に擦れがみられます ・背面パネルにテカリがみられます こちらの商品はラクマ公式パートナーの株式会社YTHサービスによって出品されています。,rakuma,【全額返金保証】【最速発送】Apple iPhone iPhone 14 Pro Max 1TB スペースブラック au 動作確認済,Apple iPhone iPhone 14 Pro Max 1TB au,Apple,iPhone,14,Pro Max,,1TB,
https://buyee.jp/rakuma/item/709498a96e6c483e3972b723ed4f67d1?conversionType=service_page_search,【最速発送】Apple iPhone iPhone 12 128GB ブルー docomo【難有】,"20,000 YEN",In bad condition overall,[商品番号]202510-0054021-S [メーカー]Apple [型番]MGHX3J/A [製品名]iPhone [世代]12 [カラー]ブルー [OS]18.6.2 [ストレージ容量]128GB [WiFi]OK [BlueTooth]OK [IMEI]353050115997726 [SIM]docomo [利用制限状態]〇：今後ネットワーク利用制限がかかることはありません [バッテリー残量]75% [バッテリー稼働チェック]バッテリーのみで動作可能です [FaceID]NG [TouchID]OK [音声出力]OK [カメラ]OK [液晶]傷・汚れ、色むら、ドット抜けなどなくクリアです。 [シリアル]G6TDN2NW0F0D [メーカー保証]期限切れ [アクティベーションロック]解除済み [SIMロック]SIMロック解除済み [タッチパネル]入力に問題ございません。 [付属品]本体のみ [欠品している付属品]元箱、ケーブル、SIMピン、説明書 写真の内容が全てです。「付属品」欄で記載した付属品以外は無いものとお考えください。 [外観について]傷・汚れなどが目立ちます。 [動作について]問題ございません。 [その他特記事項] ・faceIDが利用できません ・背面カメラフレームに塗装剥がれがございます ・側面に傷がございます こちらの商品はラクマ公式パートナーの株式会社YTHサービスによって出品されています。,rakuma,【最速発送】Apple iPhone iPhone 12 128GB ブルー docomo【難有】,Apple iPhone iPhone 12 128GB docomo,Apple,iPhone,12,,,128GB,
https://buyee.jp/rakuma/item/423cea438a6413623941c5db7c8836d6?conversionType=service_page_search,【全額返金保証】【最速発送】Apple iPhone iPhone SE（第2世代） 128GB ホワイト SIMフリー 動作確認済,"13,900 YEN",A little damaged/dirty,[商品番号]202510-0053543-S [メーカー]Apple [型番]MHGU3J/A [製品名]iPhone [シリーズ]SE（第2世代） [カラー]ホワイト [OS]18.5 [ストレージ容量]128GB [WiFi]OK [BlueTooth]OK [IMEI]356795115994365 [利用制限状態]〇：今後ネットワーク利用制限がかかることはありません [バッテリー残量]90% [バッテリー稼働チェック]バッテリーのみで動作可能です [FaceID]非搭載 [TouchID]OK [音声出力]OK [カメラ]OK [液晶]傷・汚れ、色むら、ドット抜けなどなくクリアです。 [シリアル]F17DGBL7PLK3 [メーカー保証]期限切れ [アクティベーションロック]解除済み [SIMロック]SIMフリー [タッチパネル]入力に問題ございません。 [付属品]本体のみ [欠品している付属品]元箱、取扱説明書、充電ケーブル、SIMピン 写真の内容が全てです。「付属品」欄で記載した付属品以外は無いものとお考えください。 [外観について]若干傷・汚れなど見られますが概ね良好です。 [動作について]問題ございません。 [その他特記事項] ・背面カメラにて撮影時に、0.5cmほどの薄っすらと丸い映り込みが左側に2つほど見られます。 ・側面の複数か所に小傷や汚れの付着やカバー跡、スピーカー穴に汚れの付着がございます。 ・背面の溝部分など数ヶ所に汚れの付着、端など数ヶ所に薄っすらと擦れ傷がございます。 ・バッテリーに修理履歴がありますが純正部品との表示がございます。 こちらの商品はラクマ公式パートナーの株式会社YTHサービスによって出品されています。,rakuma,【全額返金保証】【最速発送】Apple iPhone iPhone SE（第2世代） 128GB ホワイト SIMフリー 動作確認済,Apple iPhone iPhone SE( 2 ) 128GB SIM,Apple,iPhone,SE,,,128GB,
https://buyee.jp/rakuma/item/b3420425c90deafd84d89835f7b0c0dc?conversionType=service_page_search,【全額返金保証】【最速発送】Apple iPhone iPhone 14 Pro 128GB ディープパープル SIMフリー 動作確認済,"75,900 YEN",A little damaged/dirty,[商品番号]202510-0053568-S [メーカー]Apple [型番]MQ0F3J/A [製品名]iPhone [シリーズ]Pro [世代]14 [カラー]ディープパープル [OS]18.7 [ストレージ容量]128GB [WiFi]OK [BlueTooth]OK [IMEI]350114361329944 [利用制限状態]〇：今後ネットワーク利用制限がかかることはありません [バッテリー残量]83% [バッテリー稼働チェック]バッテリーのみで動作可能です [FaceID]OK [TouchID]非搭載 [音声出力]OK [カメラ]OK [液晶]傷・汚れ、色むら、ドット抜けなどなくクリアです。 [シリアル]J2RV6HGYYV [メーカー保証]期限切れ [アクティベーションロック]解除済み [SIMロック]SIMフリー [タッチパネル]入力に問題ございません。 [付属品]元箱、取扱説明書、充電ケーブル、SIMピン [欠品している付属品] 写真の内容が全てです。「付属品」欄で記載した付属品以外は無いものとお考えください。 [外観について]若干傷・汚れなど見られますが概ね良好です。 [動作について]問題ございません。 [その他特記事項] ・フレームにカバー跡、線傷が多数ございます。 ・背面カメラリングに汚れがございます。 ・下部スピーカー穴に汚れの付着がございます。 こちらの商品はラクマ公式パートナーの株式会社YTHサービスによって出品されています。,rakuma,【全額返金保証】【最速発送】Apple iPhone iPhone 14 Pro 128GB ディープパープル SIMフリー 動作確認済,Apple iPhone iPhone 14 Pro 128GB SIM,Apple,iPhone,14,Pro,,128GB,
https://buyee.jp/item/jdirectitems/auction/r1095938113,au 京セラ シンプルスマートフォン BASIO KYV32 ピンク ジャンク品（初期済）,980 YEN,Damaged/dirty,au 京セラ  シンプルスマートフォン BASIO KYV32 ピンク ジャンク品（初期化済） 液晶焼けがあります SIMトレイあり 充電可 起動可 初期化済 上記理由によりジャンク品扱いとさせていただきます ◆キャリア au(KDDI) ◆メ-カー 京セラ ◆シンプルスマートフォン  BASIO KYV32 ◆カラー  ピンク ◆セット内容 本体(電池内蔵） ◆状態 表面 縁部分に傷があります 裏面 傷擦れがあります 液晶  傷があります※表示可、操作可 端末情報 製造番号 357008063932919 利用制限○ 送料別、ジャンク品です,yahooauction,au 京セラ シンプルスマートフォン BASIO KYV32 ピンク ジャンク品（初期済）,au BASIO KYV32 ( ),,,,,,,
https://buyee.jp/item/jdirectitems/auction/c1205136440,au KDDI Pixel 5 ブラック　中古美品　利用制限◯,"9,750 YEN",A little damaged/dirty,ご覧いただきありがとうございます。 auのPixel5ブラック中古品を出品いたします。 製造番号 355660111124261 メインで1年ほど使用していましたが、ここ最近はサブ機として使用していました。 各種動作確認に問題はありません。 全体的に美品ではあると思いますが、購入から期間の経過してる端末なので、それ相応の小傷はあります。神経質な方の入札はおやめいただき、落札後はノークレームノーリターンで願います。 連絡が遅い方、新規の方、評価の悪い方、コミュニケーションの難しい方は、こちらの判断で削除することがあります。 配送は宅急便コンパクトを使用します。,yahooauction,au KDDI Pixel 5 ブラック　中古美品　利用制限◯,au KDDI Pixel 5,Google,Pixel,5,,,,
https://buyee.jp/item/jdirectitems/auction/h1205207972,（美品中古）OPPO Reno10 Pro 5G 6.7インチ メモリー8GB ストレージ256GB シルバーグレー（オマケつき）,"23,800 YEN",No obvious damages/dirt,OPPO Reno10 Pro 5G 6.7インチ メモリー8GB ストレージ256GB シルバーグレー 一年ちょっと使用しましたが、サブ機種で使用頻度は少ないと思います。不具合などは有りません。 液晶にはフィルムを張っております。多少、汚れもありますのでご使用時には剥がして新しいフィルムをご使用下さい。 購入時付属のの高速充電器も付属します（３３W高速充電OPPO用） オマケでエレコムの全面ガラスフィルム（新品）をお付けします。また、新しめの保護カバーもお付けします。 【商品の状態】 使用状況 :中古（一年ちょっと使用しました携帯会社変更の為、不要となりました） 液晶に貼っているフィルムに少し汚れは有りますが、剥がすと綺麗だと思います。それ以外は液晶、背面ともに目視できる小キズなどなく個人の主観ですが美品です。 バッテリー性能も良好（９８％以上） あくまでも中古品をご理解の上、ご入札ください。 【IME】863188060723730 （使用制限〇で問題ありません。現金一括購入です） Reno10 Pro 5G 6.7インチ メモリー8GB ストレージ256GB シルバーグレー ソフトバンク ブランド：OPPO Reno （2025年 10月 24日 18時 10分 追加） ※ドコモSIM、auSIMでも使用出来ました（SIMフリーです） （2025年 10月 24日 18時 14分 追加） 送料 無料 （2025年 10月 25日 21時 56分 追加） 他のサイトでも、出品しております。先に、決まった方か優先します。途中で、取り消す場合もあります。ご了承ください。,yahooauction,（美品中古）OPPO Reno10 Pro 5G 6.7インチ メモリー8GB ストレージ256GB シルバーグレー（オマケつき）,( )OPPO Reno10 Pro 5G 6.7 8GB 256GB ( ),OPPO,,,Pro,8GB,256GB,
https://buyee.jp/item/jdirectitems/auction/t1205422142,iPhone 6s ケース付き,"3,000 YEN",A little damaged/dirty,予備に持っていましたか、使う事が無いため出品します 動作は問題ありません 大きなキズはありませんが、背面に保護ケースの跡が付いています。 保護ケース付きでの出品です ノンクレームノンリターンでお願いします,yahooauction,iPhone 6s ケース付き,iPhone 6s,Apple,iPhone,6,,,,
https://buyee.jp/item/jdirectitems/auction/p1205362833,Apple iPhone SE 第一世代　SIMフリー　64GB,"5,500 YEN",No obvious damages/dirt,動作確認済です 中古品になります 容量64GB バージョン15.8.5 初期化済み SIMロック解除済 バッテリーの状態80% IMEI 355438079892843 全体的にスレキズ少なく 画面割れなどありませんが 中古品のため神経質な方は 購入お控え下さい,yahooauction,Apple iPhone SE 第一世代　SIMフリー　64GB,Apple iPhone SE SIM 64GB,Apple,iPhone,SE,,,64GB,
https://buyee.jp/item/jdirectitems/auction/m1205313640,AQUOS wish2 シムフリー 楽天モバイル可　ケース付,"6,500 YEN",A little damaged/dirty,ご覧いただきありがとうございます。 AQUOS wish2 A204SH ワイモバイルの機種ですが、SIMロック解除済みで楽天モバイルの物理SIMで着信と発信、データ通信ができることを確認しています。但し、楽天リンクをインストールしたり、楽天モバイルのAPN設定を手動で登録が必要なので、SIMを挿してすぐに使えるものではないことはご承知おき下さい。 その他以下の機能を確認し動作に問題ありませんでしたが、簡易チェックなので、予期せぬ動作不良までは保証できません。 ・wifi受信：可 ・充電：可 ・おサイフケータイ：未利用 ・カメラ：可 本体は使用に伴う小傷や汚れはありますが、比較的キレイに思います。 画面にはフィルムが貼られていますが、空気溜まりがあったり、フイルムサイズが合って無い感じです。 ケースは全体的に汚れ、剥がれが多いです。 そもそも手作り感が強いです。 あくまでも一度人の手に渡った中古品ですので、神経質な方は購入をお控え下さい。 ※過度な値下げ依頼はブロックさせて頂きます。 シリーズ...AQUOS 機種名...AQUOS wish2 スマートフォン カラー...チャコール 容量...64GB,yahooauction,AQUOS wish2 シムフリー 楽天モバイル可　ケース付,AQUOS wish2,SHARP,AQUOS,wish2,,,,
https://buyee.jp/item/jdirectitems/auction/g1202773109,美品 アップル ソフトバンク iPhone 11 Pro 64GB MWC32J/A 〇判定,"22,800 YEN",No obvious damages/dirt,■商品説明■ ■メーカー アップル ■キャリア ソフトバンク ■商品名 iPhone 11 Pro 64GB ■型番 MWC32J/A ■IMEI 353841109386573 ■付属品 元箱 ■商品詳細 中古品で御座います。 上部のフチに薄っすらと擦れがありますが それ以外に目立つダメージは無くトータル綺麗な状態です。 動作確認済みで正常に動作しております。 残債無しの〇判定が出ております。 ※バッテリ容量は74％です。 その他、画像にてご確認下さい ■発送方法/送料■ 佐川急便での発送となります。 北海道内：800円 道外一律：1600円 沖縄、離島の方は別途お見積りとなります。 ■お支払い方法■ ★Yahoo! かんたん決済★ ※その他お振込みにもご対応は可能で御座います。 ■ご注意事項■ ★必ずお読み下さい★ ●評価の悪い方の入札は、取消しさせて頂く場合がございます。 ●初期不良に関しましては、通常発送での商品到着後７日以内まで対応致します。 ※落札者様都合での受取遅延や確認遅延は期間延長の対象外とさせて頂きます。 ●入札・落札後のキャンセル、初期動作不良以外での返品は受け付けておりません。 ジャンク品に関しては、あくまでジャンク品(故障品)としての出品となりますので、返品の対応は致しかねますご了承ください。 ●入金確認後、48時間以内に発送をさせて頂きます。 ●落札後１週間以内のご入金をお願い致します。 また、落札後３日以内にご連絡を頂けない場合はキャンセルとさせて頂きます。 その際、自動的に落札者様に『非常に悪い』の評価が付きますのでご了承ください。 ●予告なく入札を削除・並びにオークションの取り消しをさせて頂く場合もございますので予めご了承願います。 ●ご不明な点等がございましたら、ご入札の前にお気軽にご質問ください。 お電話やメールにてもご回答いたしております。,yahooauction,美品 アップル ソフトバンク iPhone 11 Pro 64GB MWC32J/A 〇判定,iPhone 11 Pro 64GB MWC32J/A,Apple,iPhone,11,Pro,,64GB,
https://buyee.jp/item/jdirectitems/auction/c1205403299,FCNT　「arrows We 2」 ライトブルー　ストレージ128GBモデル　未使用に近い美品　 デュアルSIMでesim対応　Android15　M07,"13,800 YEN",Close to unused,コレクション過多のための出品です。 掲載画像につきましては、動作確認、スペック確認する過程で撮影しており、現在は端末の初期化を行っております。 確認が必要な製造番号は下記に記載しております。 掲載画像につきましては、スペック確認、正常動作の証拠とする過程で撮影しており、現在は端末の初期化を行っております。 スペック Androidバージョン15 RAM 4GB ROM 128GB バッテリー　4000mah IMEI 353726537558986 IMEI 353726537558994 ネットワーク利用制限○ こちらはあまり使われてはいない端末になります。 液晶画面は目視で確認した限りでは傷は見当たらず綺麗な状態かと思います。 裏側ももちろん非常に綺麗です。ただし保管品になります、保管時は定期的に電源を入れたり基本操作などを行っておりますのでどうしても付いてしまう極薄の使用感はご了承願います。素材的にほとんど見えないような感じかと思います。 またサイドやボタン類も非常に綺麗な状態かと思います。 充電サイクルを確認すると（写真参照）あまり使用されていない商品にはなるかと思いますので「未使用に近い」のカテゴリに出品させて頂いておりますが上記の内容をよくお読みになってからの入札をお願いします。 （落札までに日がある場合はバッテリーサイクルは多少の変化します） また、端末下の箱はお付けできませんが代わりに比較的綺麗な透明のケースはおまけします。（ケース不要の方は箱をお付けします） 落札後の指定がない場合は透明のケースとなります。 こちら拡大鏡などを使用しての確認は行っておりませんので、それで見ないとわからないような小キズ等や見落としはご容赦ください。 使用感などに関しては主観になります。 十人十色の見解がありますので、気になる方は入札を控えてください。 この端末の特徴として、耐衝撃製やシンプルモードと年配の方にも使いやすく、人気の機種です。 こちらは楽天より販売されたSIMフリーモデルとなりますが、楽天モデル特有の楽天系のアプリ関係はインストールされていないようで純粋なSIMフリーモデルとなるようです。 SIMフリーモデルはキャリア版と比べてストレージが2倍に拡大されています。（64GB→128GB） また、デュアルSIMでesimに対応しております。 通話とデータを分けたり、電話番号を２つ持てたりして便利かと思います。 こちらをらくらくホン、シンプルホン、キッズスマホとして使っている年配の方やお子様も多いです。 バッテリーは端末表示では良好の結果が出ております。 SIMロックはありません、OCNのSIMカードで動作確認を行いました。アンテナが立っている写真を参考にしてください。 SIMロックフリーによりドコモ系SIMでもしっかりとアンテナは立ちました。ただし対応バンドの関係もありますので対応バンドの確認はご自身でお願いいたします。 また、全てのスマホ端末に言えることですがSIMフリー及びSIMロック解除の端末は全てのSIMカードが使用可能というわけではございません。必ずご入札前にご自分のSIMカードが使用可能かお調べになってからご入札ください。 「つながる、認識する」と「問題なく使用できる」はイコールではございません。 出品にあたり、111による発着信、音声レコーダー録音（マイク）、ネット、wifiなどの基本的な確認はさせて頂きました。（esimは未確認です） 特に不具合は見つかりませんでしたが、返品ができません、未検証の部分もありますのでよくお考えの上入札ください。 動作確認はしましたが使用しないと分からない不具合などは対応できません。 未検証の部分は質問よりお問い合わせ頂ければ検証してお答えします。 本体のみの出品となります。,yahooauction,FCNT　「arrows We 2」 ライトブルー　ストレージ128GBモデル　未使用に近い美品　 デュアルSIMでesim対応　Android15　M07,FCNT arrows We 2 128GB SIM esim Android15 M07,,,,,,128GB,
https://buyee.jp/item/jdirectitems/auction/q1205219196,海外版 SIMフリー iPhoneSE3 128GB Red シムフリー アイフォンSE iPhone SE 3 第三世代 第3世代 赤 レッド 本体 SIMロックなし A2783 88％,"31,000 YEN",A little damaged/dirty,中古のiPhoneSE3 128GB SIMフリー レッド  です。 私自身中古で購入し数日仕事（主に運転時のマップアプリ利用）で使用しました。 海外版アップル販売品の為ネットワーク利用制限は無し、マナーモード中はカメラのシャッター音が鳴らないようです。 docomo、ソフトバンク、楽天モバイルのSIMの認識は確認。au、UQはキャリアに確認頂くのが確実かと思われます。 モデル番号 MMXL3TH/A A2783 iOSは18.7.1 表のガラス面は購入時からガラス製の保護フィルムが貼ってあり目立つ傷は見受けられませんでした。若干使用感有りますがフィルムはそのまま発送します。 裏面や側面は擦れや傷あり。 ガラス面は写しづらく見づらいですが外観は画像でご確認頂き、気になる点は入札前にご質問下さい。 TouchIDやカメラ、通話やボタン操作等特に不具合見受けられませんでした。 バッテリーの最大容量は現状88パーセント表示です。 出品物は本体と画像の付属品と使用していた保護ケース。 初期化（iPhoneを探すOFF）し、アクティベートした状態で発送致します。 お探しの方いかがでしょうか。 出品物の状態に関して、文言・写真で伝わらない部分もあります。念のため神経質な方は購入ご遠慮下さい。 中古品にご理解ある方の入札お待ちしております。 以上、不明点気になる点は必ず入札前にご質問下さい。 宜しくお願い致します。,yahooauction,海外版 SIMフリー iPhoneSE3 128GB Red シムフリー アイフォンSE iPhone SE 3 第三世代 第3世代 赤 レッド 本体 SIMロックなし A2783 88％,SIM iPhoneSE3 128GB Red SE iPhone SE 3 3 SIM A2783 88%,Apple,iPhone,SE,,,128GB,Red
https://buyee.jp/item/jdirectitems/auction/p1205215294,【使用期間一週間】Google Pixel7 SIMフリー レモングラス Lemongrass Softbank,"38,000 YEN",Close to unused,★今年の10月に未使用品を購入し一週間使用。日常的に使っていたのは四日ほどです。通話はしていません。付属品全てあり。ガラスフィルムとケースを付けていました。目視した限りキズ等なく美品です。おまけにケース（安物ではじめから汚れあり不要なら落札者さまが処分お願いします）未使用のガラスフィルム1枚（二枚組でしたが一枚は使用）を付けます。本体、ケーブル、ケースクリーニング済みです。アカウントのデバイス削除ログアウト済み。以上よろしくお願いします。 IMEI 359099473086584 android16 判定◯,yahooauction,【使用期間一週間】Google Pixel7 SIMフリー レモングラス Lemongrass Softbank,Google Pixel7 SIM Lemongrass Softbank,Google,Pixel,7,,,,
https://buyee.jp/item/jdirectitems/auction/t1204522339,【TH1018】docomo MEDIAS N-02E 宝樹アダム ONE PIECE スマートフォン スマホ 初期化/通電/動作確認済 SIMフリー 追加画像有 コレクション,31 YEN,Damaged/dirty,【docomo MEDIAS N-02E 宝樹アダム ONE PIECE  スマートフォン スマホ 初期化/通電/動作確認済 SIMフリー 追加画像有り】 下記のURLより詳細をご確認下さい。 https://d.kuku.lu/6shap85jz 《商品詳細》 IMEI:351983056241831 ネットワーク利用判定【○】 初期化済 動作確認済 充電 ○ インカメラ 外カメラの使用 ○ 音量調整（ボタン操作）○ その他ボタン操作 ○ 《サイズ》 124 × 64 × 11.9 mm ※素人測りになりますので、多少の誤差はご了承下さいませ。 画像の物で全てになります。 長期での個人保管品になりますので、詳細に関しましては画像にてご判断頂き、ご理解の上ご入札下さいませ。 《発送に関して》 ・定形外やレターパックの発送はあくまでも発送料負担軽減のために設定しております。定形外・レターパックは発送後の未着、紛失、盗難、破損の補償はありませんのでご了承ください。 ・高額商品や破損の危険のある商品は、落札後にメッセージにて保証のあるゆうパック着払いに変更の旨をご連絡頂ければ変更可能です。 ・商品落札後に発送方法を変更を希望される場合、送料変更が出来かねますので差額が生じた際は切手同封にてご返金致します。 《同梱発送に関して》 下記2つの条件を同時に満たしている場合のみ同梱が可能です。 ■商品タイトル先頭のアルファベットが完全一致している商品 ■同梱希望商品が、「まとめて購入」機能で1つの注文にまとまっている（最初の落札から3日/72時間以内） 例1 TK、TK、TK、同梱可 例2 TS、TM、TF 同梱不可 例3 T、TS 同梱不可 ・落札後のメッセージ内での同梱依頼や、まとめて取引依頼をしていない商品で品物代金のみのご入金の場合には同梱発送は承ることが出来ません。又、ゆうパック着払い商品に関しましてもまとめ取引が選択不可となり、同梱発送ができかねますので予めご了承くださいませ。 《注意事項》 ・取扱商品は中古品になりますので完全な状態の商品を望まれる方や状態に神経質な方の入札はご遠慮ください。 ・写真や説明文を全てご確認いただき、ご理解の上ご入札をお願いいたします。 ・開封品は欠品等の可能性がございます。画像にない付属品等は付いておりません。 ・落札後の質問は受付できません。不明点は入札前にご質問をお願いいたします。 ・即決・早期終了は承っておりません。 ・ご入札の前に自己紹介欄のご確認をお願い致します。又、落札時にはYahooから自動配信される「落札通知」に詳細を明記していますのでご覧下さいませ。 《返品について》 受け取り連絡後の返品・返金はできかねますので、ご了承ください。 商品到着時、落札したものと違うものが届いたなど、商品説明と異なる状態の場合のみ返品・返金対応致します。 商品到着から10日以内に取引メッセージよりご連絡をお願いいたします。 10日を過ぎた場合は一切対応いたしかねますので、到着後は速やかに内容の確認をお願いいたします。 動作未確認の記載の商品につきましてはジャンク品扱いとしておりますので返品対象外となります。,yahooauction,【TH1018】docomo MEDIAS N-02E 宝樹アダム ONE PIECE スマートフォン スマホ 初期化/通電/動作確認済 SIMフリー 追加画像有 コレクション,TH1018 docomo MEDIAS N-02E ONE PIECE / / SIM,,,,,,,
https://buyee.jp/item/jdirectitems/auction/j1205317877,コード通知 日本通信SIMスターターパック 申込期限2026年3月末日 1枚 日本通信SIMスターターパック 日本通信SIM,"2,300 YEN",Unused,ご覧いただきありがとうございます。 ※コード通知のみになります 申込有効期限：2026年03月末日 新品、未開封です。 ※複数購入可能ですので、お気軽にお問い合わせ下さい。 日本通信SIMスターターパック 申込期限2026年3月末日 1枚 日本通信SIMスターターパック 日本通信SIM スターターパック,yahooauction,コード通知 日本通信SIMスターターパック 申込期限2026年3月末日 1枚 日本通信SIMスターターパック 日本通信SIM,SIM 2026 3 1 SIM SIM,,,,,,,
https://buyee.jp/item/jdirectitems/auction/c1203185355,★送料無料★良品★Ymobile★A303SH-y★ホワイト★0080280001145★SYS★10/08,"8,600 YEN",A little damaged/dirty,■ 商品概要 商品名 ★送料無料★良品★Ymobile★A303SH-y★ホワイト★0080280001145★SYS★10/08 状態 Cランク 色 ホワイト 製造番号 357679750114696 ネットワーク利用制限 △ 容量 - OSバージョン 13 バッテリー状態 - 商品内容は写真に写っている物のみです。 写っていないものに関しては付いていないとお考えください。 商品タイトルに通信キャリア名の記載がない場合、 Wi-Fi専用端末または、通信キャリア不明端末となります。 バッテリーが無い場合は別途記載しておりますので、記載がない場合は付属しているとお考えください。 ランクについて S ランク：新品で一度も使用していないもの Aランク：外装交換品や傷が全く無いもの Bランク：生活傷が多少ある程度の非常に綺麗なもの Cランク：多少の傷はあるが比較的きれいなもの Dランク：傷等が目立ち使用感のあるもの Eランク：傷がひどいもの、もしくは なんらかの不具合があるもの(ジャンクも含む) ■ 動作について 動作の状況は以下の通りです。動作OK以外（未検証、NG）は保証対象外になります。 バッテリーは保証対象外になります。 必ずお読みいただいて御入札ください。 外観ランクは個人の主観になりますので神経質な方は入札を御控えくださいませ。 水没(OKは無し) OK 充電確認 OK 電源起動 OK ロック状態(OKは無し) OK バッテリー OK 外観検査 OK 画面割れ(OKは無し) OK 液晶画面検査 OK タッチパネル検査 OK SIMトレイ検査 OK インカメラ検査 OK アウトカメラ検査 OK Wi-Fi検査 OK スピーカー検査 OK バイブ検査 OK 初期化 OK 備考 ジャンク理由など 写真内の商品が全てとなります。 ※タイトルや商品説明にSIMフリーの記載が無いものは 基本的にSIMロック解除はしておりません。 液晶色むら小 ■ その他 保証について ・出品商品は中古携帯電話(スマ  ホ、タブレット、ルーター、ガラケー）です。 ・商品の保証期間は商品到着後14日間となります。 (商品説明に記載している箇所に限ります。記載のない破損がある場合は、 商品を配送した運送会社へお問い合わせくださいませ。) ・保証期間中に故障が発生した場合返品もしくは修理させていただきます。 ・14日間すぎての故障の場合は有償修理となります。 ・利用制限等で使用できなくなった場合は期間関係なく全額保証いたします。 ・返品の受け取りは平日のみとなります。 ジャンク端末について 出品中のジャンク品は正常には機能しないもの、 部品取りに使用する程度の物をいいます。 備考欄に記載している理由以外の不具合・欠陥・欠損がある場合でも クレーム・返品は受け付けておりません。 また「保証について」へ記載の内容も対象外となります。 上記内容をご理解いただけた方のみ、ご入札をお願い致します。 同梱について 個別発送をご希望の方は 取引メッセージ よりご依頼くださいませ。 複数台ご購入の場合、基本的に同梱にて発送致します。 ご購入頂いた端末のサイズ・個数によって発送方法が変わりますが 運送会社をお選びいただけませんので、予めご了承くださいませ。 発送方法について ・ 発送は基本的に クリックポスト または ネコポス にて行います。 上記配送方法で送れない場合は、佐川急便にて発送致します。 ※発送方法及び時間指定は受け付けておりません。 また、配送中に商品に万が一の事がありましても 責任を負いかねますので予めご了承下さいませ。 お問い合わせについて 土日祝日は定休日となっておりますので、 「取引メッセージ」「質問」等のお答えは、休み明けとさせて頂きます。 予めご了承くださいますよう宜しくお願い致します。,yahooauction,★送料無料★良品★Ymobile★A303SH-y★ホワイト★0080280001145★SYS★10/08,Ymobile A303SH-y 0080280001145 10/08,,,,,,,
https://buyee.jp/item/jdirectitems/auction/f1205248771,送料無料！ほぼ新品 arrows We F-51B docomo版 ホワイト SIMフリー,"9,980 YEN",Close to unused,SIMフリーになります。 IMEI:359326123691145 液晶には工場出荷時の保護シートが張ったままになり、動作確認のみの、ほぼ未使用品になります。 商品内容は、本体のみとなっております。 送料無料にて発送します。 落札後24時間以内にお届け情報、お支払い情報の連絡がない場合、また48時間以内にお支払いが無い場合は落札を削除させていただきますのでよろしくお願いします。,yahooauction,送料無料！ほぼ新品 arrows We F-51B docomo版 ホワイト SIMフリー,! arrows We F-51B docomo SIM,,,,,,,
https://buyee.jp/item/jdirectitems/auction/b1205216384,【送料無料/中古】国内版SIMフリー iPhoneSE 第3世代 256GB レッド MMYL3J/A バッテリー82％ SE3【一丁目店】,"35,800 YEN",A little damaged/dirty,ご覧頂き誠にありがとうございます！ 落札しても 安心 の モバックス です！ 当店で出品しております商品はすべて 送料無料 でございます！ 【 詳細 】 メーカー ・・・・・・ Apple(SIMフリー) 型番 ・・・・・・・・・ iPhoneSE 第3世代 256GB MMYL3J/A カラー ・・・・・・・・ レッド 状態 ・・・・・・・・・ 【 中古 】 ・液晶は、端にスレがありますが、表示部分に目立つキズはありません。 ・外装は、角にキズや塗装剥がれがあり、背面は全体的に角度によって見えるスレがあります。 ・水没反応はなく、タッチ動作や初期化・充電など基本動作等に異常が無かった事を確認しております。 当店にて、SIMカードを挿しての認識確認は行っております。（通信確認は行っておりません） ※nanoSIMサイズのSIMフリーですが、周波数等により全てのSIMカード使えるとは限りません。 お持ちのSIMカードが使用可能かをご自身でお調べの上、ご入札にご参加ください。 付属品 ・・・・・・・ 本体のみ iOS ver. ・・・・・・ 18.4.1 バッテリー性能 ・・・ 82％ 製造番号 ・・・・・ 351153480200262 ▼Appleサポートサイト https://selfsolve.apple.com/agreementWarrantyDynamic.do Apple製品保証期限・・・保証切れ 〈格安SIMでのご使用を考えているお客様へ〉 当店は携帯電話本体のリサイクルショップですので、格安SIMのご使用方法については分かりかねます。 格安SIMの使用可否や設定方法などは、SIMカード提供元へお問い合わせ頂きます様、お願い致します。 また、格安SIMの読み込みエラーや、格安SIMご使用時の動作不良による返品は受け付けておりません。 予めご納得いただいた上、ご入札ください。 気になる点などありましたら、お気軽にお問合せ下さい。 ▼他にも色んな商品を出品しています、詳しくは下記よりご覧ください。 https://auctions.yahoo.co.jp/seller/docomobankmobile ▼……………お支払方法 ……………▼ ・クレジットカード決済 ・ゆうちょ銀行（振替/前払い） ・銀行振込（前払い） ・PayPay ・コンビニ払い（前払い） ▲………………………………………▲ ※銀行振込（前払い）・ゆうちょ銀行（振替/前払い）をご選択の場合は、ご購入手続き確認後にご登録メールアドレスへ【お振込先口座のご連絡】を送らせていただきます。 《 送料一律 無料 》 佐川急便で発送致します。※沖縄・離島のみ、ゆうパック での発送になる場合がございます。 ・・・・・・・・・・・・・・（注意事項）・・・・・・・・・・・・・・ （ 入札の前に、必ずお読み下さい ） （ ！ ） 商品の状態に関しましては個人的な見解を含みますので、見解の相違等が生じる場合ががございます。見解の相違による返品等の対応は承っておりませんので、入札の際は以上の事をご理解の上、 ノークレーム 、 ノーリターン を前提に行って頂きますよう、よろしくお願い致します。 （ ！ ） お約束として、ご落札後2 4時間以内 にご購入手続き・落札後 3日以内 にお支払い手続き（土日祝は除く）を厳守でお願いしております。何らかの事情によりお支払い手続きが遅れる際は予め当店へお知らせ下さい。 （ ！ ） 期限内に当店にて お手続きの 確認が取れず、落札者さまからご連絡も頂けない場合は、 落札者都合のキャンセル として扱わせて頂きます。その際はヤフーオークション側より自動的に【非常に悪い評価】がついてしまいますことを予めご了承ください。 （ ！ ） 通常は 午後3時 以降、土・日・祝日は 午後12時以降 のお支払い手続きの場合は翌日発送となります。ご了承下さい。 （ ！ ） SIMフリー機（SIMロック解除品含む）につきまして、機種によって対応しているバンド帯が異なるため、あらゆるSIMカードが使えるとは限りませんのでご注意下さい。また、SIMカードに関するお問い合わせは発行会社へお問合わせ下さいませ。当店は白ロム（空端末）のみの取り扱いとなり、SIMカードやAPN設定、5Gなどの通信に関するお問い合わせはお答え致しかねますのでご理解頂きますようお願い致します。 ※タイトルや商品説明にSIMフリー（SIMロック解除）などの表記がない商品につきましてはSIMフリーではございませんのでご注意ください。 （ ！ ） バッテリーは消耗品のため、中古商品につきましては、新品同様の電池持ちは保証致しかねます。また、バッテリーの正確な電池容量をお調べすることも出来かねますのであらかじめご了承下さいませ。 （ ！ ） 落札後キャンセル・連絡無し等トラブルが多い為、新規ＩＤ・悪い評価が目立つ方の入札は、取り消しさせて頂く場合がございますので予めご了承下さい。 （ ！ ） 全 てのキャリアの端末について、初期化の際に購入時のプリインストールのデータ（アプリやデコメールなど）が、削除される端末がありますのでご了承下さい。お手数ですが必要な方は、各キャリアや端末メーカーのホームページからダウンロードして下さい。一部出来ない端末もあります。 以上の事を同意して頂いたうえで、入札して頂きますよう、よろしくお願い致します。 ～～～～～～～～～～～～～～～～～～～～～～～～～～～～～～～～ 【 お取引の流れ】 落札者様 ：ご 購入手続き及びお支払い手続きをお願いいたします。 ↓ 出品者 ： 入金確認・商品発送完了連絡（ご登録メールアドレスへご連絡いたします） ※評価が不要の際は、ご購入手続きの際に別途ご連絡ください。 ～～～～～～～～～～～～～～～～～～～～～～～～～～～～～～～～ 携帯端末買取ショップ ≪（株）モバックス（mobax）≫ 日本橋一丁目店 大阪府大阪市中央区日本橋1-21-20マルトミ日本橋パールビル1階奥 TEL/FAX：06-6632-0002 営業時間：11：00～21：00 （営業時間外は対応不可） 定休日：年中無休 Mail:mobx@mobx.jp 携帯電話以外にも、ノートパソコン・ゲーム機・デジカメ・iPod等の小型電化製品も買取してます。郵送買取も大歓迎ですので、宜しくお願い致します。 (故障・水没・盗難品などを除く） 古物商許可証 大阪府公安委員会 第621112301132号,yahooauction,【送料無料/中古】国内版SIMフリー iPhoneSE 第3世代 256GB レッド MMYL3J/A バッテリー82％ SE3【一丁目店】,/ SIM iPhoneSE 3 256GB MMYL3J/A 82% SE3,Apple,iPhone,SE,,,256GB,
https://buyee.jp/item/jdirectitems/auction/s1205226312,【バッテリー交換済 未使用付属品完備】Xiaomi Redmi Note 11 4眼カメラ 有機EL FHD+ 90Hz SIM+SIM+MicroSD おまけケース3個 まずまず美品,"9,800 YEN",Close to unused,"落札代行業者の入札は固くお断り致します トラブル回避のため必ず最後までお読みになりご理解の上入札をお願い致します 【バッテリー交換済 未使用付属品完備】Xiaomi Redmi Note 11 4眼カメラ 有機EL FHD+ 90Hz SIM+SIM+MicroSD おまけケース3個 まずまず美品 商品説明 nanoSIM＋nanoSIM (デュアルnanoSIM)＋MicroSDカード　同時使用可 新品バッテリー, 新品リアカバー, 新品保護ケースx3個, 新品液晶保護x2枚 メーカー ：　Xiaomi 型　番 ：　Redmi Note 11　2201117TL ストレージ&RAM ：　4 GB + 64 GB プロセッサー ：　Qualcomm® Snapdragon™ 680 バッテリー&充電 ：　5,000 mAh 同梱 33W 急速充電対応 USB-C 液　晶 ：　有機EL FHD+ 90Hz SIM ：　SIMフリー　nanoSIM+nanoSIM (デュアルnanoSIM) microSDカード ：　最大 512 GB まで リアカメラ (４眼) ：　5000 万画素広角カメラ ：　800 万画素超広角カメラ ：　200 万画素マクロカメラ ：　200 万画素深度カメラ フロントカメラ ：　1300 万画素 セキュリティ ：　サイド指紋センサー ：　AI 顔認証ロック解除 IMEI1 ：　864048061201046 IMEI2 ：　864048061201053 付属品完備 (未使用) ：　充電器(33W 急速充電対応)・充電ケーブル(USB-C) ：　透明保護ケース ：　SIM抜きピン ：　冊子 おまけ ：　新品透明保護ケース (購入時の付属品と合わせて4個になります) ：　新品液晶保護プラスチック？(ガラスではなさそう)x2枚 詳細はメーカーにてご確認ください こちらから 商品状態 8月11日にバッテリーを新品に交換し8月22日まで普段使いで正常に動作することを確認しております 2024年1月21日にヤフオクで『動作確認の為開封はしてありますが、使用していません。 付属品などは全て揃っています。デュアルSIMでご利用可能です。すり替え防止のため返品交換はご遠慮ください。』を購入した商品になります 購入より1年7ヶ月ほど経過しておりますが大バッテリー搭載のおかげもありバッテリーの劣化は感じられませんでした が、購入履歴が見当たらず2022年初頭に購入した他機種と勘違いしてしまい出品にあたりバッテリーを新品に交換した次第です リアカバーも同時に交換済みです 元から貼られていた液晶保護フィルム(出品にあたり除去)を貼ったまま使用しておりましたので 液晶画面は綺麗です 本体も購入時よりカバーをつけて使用しておりましたのでバッテリー交換前までは綺麗でしたが 交換時にマスキングテープで養生しましたが金属へらでやや傷つけてしまいました(写真3参照) おまけの新品カバーを付けますと傷は隠れます 格安スマホの中では総合的に群を抜いて高性能な機種だと思います nanoSIM２枚に加えmicroSDカードが同時に装着できるのも魅力的な特徴だと思います 付属品はすべて揃っており充電器を含めすべて未使用です 取引きの流れ 落札者様から取引きを開始して下さい 引き続き [Yahoo!かんたん決算] にてお支払い下さい 多数の方と同時にお取引きしております 清々しいスムーズなお取引きにご協力をお願いいたします 商品到着後速やかに [受取連絡] をお願いいたします ご連絡いただけませんと入金されませんのでくれぐれもお忘れにならないよう重ねてお願いいたします [受取連絡]とは　こちらを参照 発送詳細 ゆうパケットプラス 日本全国送料無料 注意事項 正常動作を確認しておりますしDIYでバッテリーを交換しておりますので ノークレームノーリターンでの出品となります [受取連絡] をするまでは日に一度はヤフオクからのメールをチェックするようにしてください 領収書の発行は致しかねますので予めご了承ください",yahooauction,【バッテリー交換済 未使用付属品完備】Xiaomi Redmi Note 11 4眼カメラ 有機EL FHD+ 90Hz SIM+SIM+MicroSD おまけケース3個 まずまず美品,Xiaomi Redmi Note 11 4 EL FHD+ 90Hz SIM+SIM+MicroSD 3,Xiaomi,Redmi,Note 11,,,,Red
https://buyee.jp/item/jdirectitems/auction/t1205281998,iPhone8 64GB バッテリー76%,"10,605 YEN",No obvious damages/dirt,iPhone8 バッテリー76% 64gb ※ご購入前にお読ください。 ・バッテリー76% ・アクティベーションロック解除済 ・付属品なし ・気持ちよく使用いただけるようクリーニング等はしておりますが、中古品ですので使用に伴う傷や汚れがある場合がございます。完璧を求める方や神経質な方は入札をご遠慮下さいませ。 【当商品の状態】 Bランク：細かなキズがある。 機種名iPhone8 ホワイト 容量64GB 【商品のランク説明】 状況Ｂランク iPhone8 バッテリー76% 【ランク説明】 Aランク：目立つキズや割れ等が無くきれいな状態。バッテリーの状態80%以上 Bランク：細かなキズがある。バッテリーの状態80%以上 Cランク：キズや擦りキズなど使用感がある状態。バッテリーの状態80%以下 ご入金の確認後、基本的に当日発送を致します。 【返品のポリシーについて】A1 すり替え詐欺防止のため不可とさせていただきます。,yahooauction,iPhone8 64GB バッテリー76%,iPhone8 64GB 76%,Apple,iPhone,8,,,64GB,
https://buyee.jp/item/jdirectitems/auction/u1205199532,【送料無料/中古美品】国内版SIMフリー Xiaomi POCO F7 25053PC47G シルバー 12GB/256GB 【四丁目店】,"42,801 YEN",A little damaged/dirty,ご覧頂き誠にありがとうございます！ 落札しても 安心 の モバックス です！ 当店で出品しております商品はすべて 送料無料 でございます！ 【 詳細 】 メーカー ・・・・・・ Xiaomi 型番 ・・・・・・・・・ POCO F7 25053PC47G カラー ・・・・・・・・ シルバー 状態 ・・・・・・・・・ 【B】中古美品 （画像参照） ・外装は、フレーム・背面共にスレ・キズが少しあります。 ・液晶は、スレが少しありますが、比較的キレイな状態です。 ・水没反応はなく、タッチ動作や初期化・充電など基本動作等に異常が無かった事を確認しております。 当店にて、SIMカードを挿しての認識確認は行っております。（通信確認は行っておりません） ※nanoSIMサイズのSIMフリーですが、周波数等により全てのSIMカード使えるとは限りません。 お持ちのSIMカードが使用可能かをご自身でお調べの上、ご入札にご参加ください。 付属品 ・・・・・・・ 本体・箱・充電器・冊子類・ソフトケース Android ver. ・・・ 15 製造番号 ・・・・・ 862948074097426 〈格安SIMでのご使用を考えているお客様へ〉 当店は携帯電話本体のリサイクルショップですので、格安SIMのご使用方法については分かりかねます。 格安SIMの使用可否や設定方法などは、SIMカード提供元へお問い合わせ頂きます様、お願い致します。 また、格安SIMの読み込みエラーや、格安SIMご使用時の動作不良による返品は受け付けておりません。 予めご納得いただいた上、ご入札ください。 気になる点などありましたら、お気軽にお問合せ下さい。 ▼他にも色んな商品を出品しています、詳しくは下記よりご覧ください。 https://auctions.yahoo.co.jp/seller/docomobankmobile ▼……………お支払方法 ……………▼ ・クレジットカード決済 ・ゆうちょ銀行（振替/前払い） ・銀行振込（前払い） ・PayPay ・コンビニ払い（前払い） ▲………………………………………▲ ※銀行振込（前払い）・ゆうちょ銀行（振替/前払い）をご選択の場合は、ご購入手続き確認後にご登録メールアドレスへ【お振込先口座のご連絡】を送らせていただきます。 《 送料一律 無料 》 佐川急便で発送致します。※沖縄・離島のみ、ゆうパック での発送になる場合がございます。 ・・・・・・・・・・・・・・（注意事項）・・・・・・・・・・・・・・ （ 入札の前に、必ずお読み下さい ） （ ！ ） 商品の状態に関しましては個人的な見解を含みますので、見解の相違等が生じる場合ががございます。見解の相違による返品等の対応は承っておりませんので、入札の際は以上の事をご理解の上、 ノークレーム 、 ノーリターン を前提に行って頂きますよう、よろしくお願い致します。 （ ！ ） お約束として、ご落札後2 4時間以内 にご購入手続き・落札後 3日以内 にお支払い手続き（土日祝は除く）を厳守でお願いしております。何らかの事情によりお支払い手続きが遅れる際は予め当店へお知らせ下さい。 （ ！ ） 期限内に当店にて お手続きの 確認が取れず、落札者さまからご連絡も頂けない場合は、 落札者都合のキャンセル として扱わせて頂きます。その際はヤフーオークション側より自動的に【非常に悪い評価】がついてしまいますことを予めご了承ください。 （ ！ ） 通常は 午後3時 以降、土・日・祝日は 午後12時以降 のお支払い手続きの場合は翌日発送となります。ご了承下さい。 （ ！ ） SIMフリー機（SIMロック解除品含む）につきまして、機種によって対応しているバンド帯が異なるため、あらゆるSIMカードが使えるとは限りませんのでご注意下さい。また、SIMカードに関するお問い合わせは発行会社へお問合わせ下さいませ。当店は白ロム（空端末）のみの取り扱いとなり、SIMカードやAPN設定、5Gなどの通信に関するお問い合わせはお答え致しかねますのでご理解頂きますようお願い致します。 ※タイトルや商品説明にSIMフリー（SIMロック解除）などの表記がない商品につきましてはSIMフリーではございませんのでご注意ください。 （ ！ ） バッテリーは消耗品のため、中古商品につきましては、新品同様の電池持ちは保証致しかねます。また、バッテリーの正確な電池容量をお調べすることも出来かねますのであらかじめご了承下さいませ。 （ ！ ） 落札後キャンセル・連絡無し等トラブルが多い為、新規ＩＤ・悪い評価が目立つ方の入札は、取り消しさせて頂く場合がございますので予めご了承下さい。 （ ！ ） 全 てのキャリアの端末について、初期化の際に購入時のプリインストールのデータ（アプリやデコメールなど）が、削除される端末がありますのでご了承下さい。お手数ですが必要な方は、各キャリアや端末メーカーのホームページからダウンロードして下さい。一部出来ない端末もあります。 以上の事を同意して頂いたうえで、入札して頂きますよう、よろしくお願い致します。 ～～～～～～～～～～～～～～～～～～～～～～～～～～～～～～～～ 【 お取引の流れ】 落札者様 ：ご 購入手続き及びお支払い手続きをお願いいたします。 ↓ 出品者 ： 入金確認・商品発送完了連絡（ご登録メールアドレスへご連絡いたします） ※評価が不要の際は、ご購入手続きの際に別途ご連絡ください。 ～～～～～～～～～～～～～～～～～～～～～～～～～～～～～～～～ 携帯端末買取ショップ ≪（株）モバックス（mobax）≫ 日本橋四丁目店 大阪府大阪市浪速区日本橋4-11-10大南ビル１F TEL/FAX：06-6599-9935 営業時間：10：30～20：00 （営業時間外は対応不可） 定休日：なし メールアドレス：store-auction@mobx.jp 携帯電話以外にも、ノートパソコン・ゲーム機・デジカメ・iPod等の小型電化製品も買取してます。郵送買取も大歓迎ですので、よろしくお願い致します。 (故障・水没・盗難品などを除く） 古物商許可証 大阪府公安委員会 第621112301132号,yahooauction,【送料無料/中古美品】国内版SIMフリー Xiaomi POCO F7 25053PC47G シルバー 12GB/256GB 【四丁目店】,/ SIM Xiaomi POCO F7 25053PC47G 12GB/256GB,Xiaomi,,,,12GB,256GB,
https://buyee.jp/item/jdirectitems/auction/f1205081624,SIMフリー iPhoneSE3 128GB ミッドナイト シムフリー アイフォンSE iPhone SE 3 第三世代 第3世代 黒 SIMロックなし A2782 MMYF3J/A 100％,"33,000 YEN",A little damaged/dirty,中古のiPhoneSE3 128GB SIMフリー ミッドナイト  です。 元のキャリアはソフトバンクでSIMロックなし。ネットワーク利用制限もありません。 私自身中古で購入し、数日仕事（運転時のマップアプリ利用）で使用しました。 docomo、ソフトバンク、au、UQモバイル、楽天モバイルのSIMの認識は確認。 モデル番号 NMYF3J/A A2782 iOSは18.7.1 表のガラス面は購入時からガラス製の保護フィルムが貼ってあり割れやヒビなど見受けられませんでした。若干使用感有りますがフィルムはそのまま発送します。 裏面や側面はパッと見綺麗ですがところどころ擦れや傷あり。 ガラス面は写しづらく見づらいですが外観は画像でご確認頂き、気になる点は入札前にご質問下さい。 TouchIDやカメラ、通話やボタン操作等特に不具合見受けられませんでした。 バッテリーの最大容量は現状100パーセント表示です。 出品物は本体と画像の付属品と使用していた保護ケース。 初期化（iPhoneを探すOFF）し、アクティベートした状態で発送致します。 お探しの方いかがでしょうか。 出品物の状態に関して、文言・写真で伝わらない部分もあります。念のため神経質な方は購入ご遠慮下さい。 中古品にご理解ある方の入札お待ちしております。 以上、不明点気になる点は必ず入札前にご質問下さい。 宜しくお願い致します。,yahooauction,SIMフリー iPhoneSE3 128GB ミッドナイト シムフリー アイフォンSE iPhone SE 3 第三世代 第3世代 黒 SIMロックなし A2782 MMYF3J/A 100％,SIM iPhoneSE3 128GB SE iPhone SE 3 3 SIM A2782 MMYF3J/A 100%,Apple,iPhone,SE,,,128GB,
https://buyee.jp/item/jdirectitems/auction/b1205417088,中古 SHARP AQUOS Sence SHV40 32GB グリーン Android,"2,500 YEN",No obvious damages/dirt,品物は全て一点限りです。 出品の際、細かくチェックしておりますが見落としなどある場合があります。 その場合現品の現状を優先させて頂きます。 主観の違いなどで商品の評価が人それぞれ分かれる場合がありますので気になる方はご入札をお控えください。 返品・落札後の値引きなどオークションルールに定められた行為以外のお取引は一切お断りさせて頂きます。 出荷は入金が確認取れましたら最短で出荷させて頂きます。 稀に仕事の都合で1日程度前後する場合がありますのでご了承をお願いします。 ※長期休暇期間は除く。GW・年末年始など。 その際時間指定等は取引メッセージ等でお伝え頂けましたら時間指定等こちらで致します。 外装状態:写真をご覧ください 中古のため経年劣化かもしれませんが、画面の黄色みが少し強い気がします。 バッテリーは良好です Androidバージョン　9 IMEI:353021082019117,yahooauction,中古 SHARP AQUOS Sence SHV40 32GB グリーン Android,SHARP AQUOS Sence SHV40 32GB Android,SHARP,AQUOS,Sence,,,32GB,
